Folder,Style Loss (in),Style Loss (out),Style Loss (trigger)
ddim-v1-5-pruned-emaonly-exp-1016-sd15-loha4a2-lr1e-3-b-000010/style/felix_vallotton_stroke,1511.280517578125,2264.23828125,1690.7779541015625
ddim-v1-5-pruned-emaonly-exp-1016-sd15-loha4a2-lr1e-3-b-000010/style/ghibi_alter,1219.80322265625,732.5889892578125,696.4950561523438
ddim-v1-5-pruned-emaonly-exp-1016-sd15-loha4a2-lr1e-3-b-000010/style/ukiyo_e,2203.123779296875,1429.4454345703125,1185.194580078125
ddim-v1-5-pruned-emaonly-exp-1016-sd15-loha4a2-lr1e-3-b-000010/style/impressionism,790.4464111328125,883.4656982421875,726.8954467773438
ddim-v1-5-pruned-emaonly-exp-1016-sd15-loha4a2-lr1e-3-b-000010/style/vladimir_borovikovsky,1743.25537109375,888.5375366210938,1674.8890380859375
ddim-v1-5-pruned-emaonly-exp-1016-sd15-loha4a2-lr1e-3-b-000010/style/pencil_drawing,469.29833984375,440.9117431640625,384.4208984375
ddim-v1-5-pruned-emaonly-exp-1016-sd15-loha4a2-lr1e-3-b-000010/style/ghibi,2043.680908203125,1375.74072265625,3693.5791015625
ddim-v1-5-pruned-emaonly-exp-1007-sd15-lora8a4-lr5e-5-b-000010/style/felix_vallotton_stroke,1809.77783203125,2120.97900390625,2384.7158203125
ddim-v1-5-pruned-emaonly-exp-1007-sd15-lora8a4-lr5e-5-b-000010/style/ghibi_alter,1096.89453125,766.412353515625,525.477783203125
ddim-v1-5-pruned-emaonly-exp-1007-sd15-lora8a4-lr5e-5-b-000010/style/ukiyo_e,1032.806640625,858.3984375,807.38818359375
ddim-v1-5-pruned-emaonly-exp-1007-sd15-lora8a4-lr5e-5-b-000010/style/impressionism,485.086181640625,440.833251953125,341.63433837890625
ddim-v1-5-pruned-emaonly-exp-1007-sd15-lora8a4-lr5e-5-b-000010/style/vladimir_borovikovsky,782.0281982421875,575.2071533203125,1047.0989990234375
ddim-v1-5-pruned-emaonly-exp-1007-sd15-lora8a4-lr5e-5-b-000010/style/pencil_drawing,260.830078125,295.655029296875,206.34036254882812
ddim-v1-5-pruned-emaonly-exp-1007-sd15-lora8a4-lr5e-5-b-000010/style/ghibi,1075.10400390625,995.97900390625,1640.882080078125
ddim-v1-5-pruned-emaonly-exp-1025-sd15-lokrf8-attnonly-b-000010/style/felix_vallotton_stroke,2630.224853515625,2611.6884765625,2462.1318359375
ddim-v1-5-pruned-emaonly-exp-1025-sd15-lokrf8-attnonly-b-000010/style/ghibi_alter,1493.226806640625,524.50830078125,396.11724853515625
ddim-v1-5-pruned-emaonly-exp-1025-sd15-lokrf8-attnonly-b-000010/style/ukiyo_e,2336.28173828125,1695.0859375,1559.158203125
ddim-v1-5-pruned-emaonly-exp-1025-sd15-lokrf8-attnonly-b-000010/style/impressionism,700.9632568359375,914.9505004882812,764.1520385742188
ddim-v1-5-pruned-emaonly-exp-1025-sd15-lokrf8-attnonly-b-000010/style/vladimir_borovikovsky,771.41162109375,598.249267578125,930.6982421875
ddim-v1-5-pruned-emaonly-exp-1025-sd15-lokrf8-attnonly-b-000010/style/pencil_drawing,514.7562866210938,501.199462890625,1022.4706420898438
ddim-v1-5-pruned-emaonly-exp-1025-sd15-lokrf8-attnonly-b-000010/style/ghibi,2248.62548828125,1356.51171875,4465.2021484375
ddim-v1-5-pruned-emaonly-exp-1002-sd15-lora32a16-b/style/felix_vallotton_stroke,1246.25390625,1478.109130859375,1075.885498046875
ddim-v1-5-pruned-emaonly-exp-1002-sd15-lora32a16-b/style/ghibi_alter,771.5509033203125,406.2378845214844,334.06683349609375
ddim-v1-5-pruned-emaonly-exp-1002-sd15-lora32a16-b/style/ukiyo_e,1589.0084228515625,1150.23486328125,877.75537109375
ddim-v1-5-pruned-emaonly-exp-1002-sd15-lora32a16-b/style/impressionism,1006.6953125,541.3944091796875,859.0547485351562
ddim-v1-5-pruned-emaonly-exp-1002-sd15-lora32a16-b/style/vladimir_borovikovsky,1284.775390625,663.7305908203125,682.1800537109375
ddim-v1-5-pruned-emaonly-exp-1002-sd15-lora32a16-b/style/pencil_drawing,1287.2154541015625,731.551025390625,542.6303100585938
ddim-v1-5-pruned-emaonly-exp-1002-sd15-lora32a16-b/style/ghibi,1805.049072265625,1222.252685546875,1285.96337890625
ddim-v1-5-pruned-emaonly-exp-1014-sd15-loha4a2-full-b-000010/style/felix_vallotton_stroke,1383.889404296875,2226.41162109375,1363.9356689453125
ddim-v1-5-pruned-emaonly-exp-1014-sd15-loha4a2-full-b-000010/style/ghibi_alter,1176.6441650390625,844.8098754882812,371.13189697265625
ddim-v1-5-pruned-emaonly-exp-1014-sd15-loha4a2-full-b-000010/style/ukiyo_e,1462.8516845703125,1020.5497436523438,981.4288330078125
ddim-v1-5-pruned-emaonly-exp-1014-sd15-loha4a2-full-b-000010/style/impressionism,518.556884765625,798.19677734375,533.595703125
ddim-v1-5-pruned-emaonly-exp-1014-sd15-loha4a2-full-b-000010/style/vladimir_borovikovsky,1028.739990234375,724.7962646484375,1012.502197265625
ddim-v1-5-pruned-emaonly-exp-1014-sd15-loha4a2-full-b-000010/style/pencil_drawing,538.1306762695312,499.6368408203125,638.864501953125
ddim-v1-5-pruned-emaonly-exp-1014-sd15-loha4a2-full-b-000010/style/ghibi,1743.9677734375,1352.999755859375,1740.5888671875
ddim-v1-5-pruned-emaonly-exp-1003-sd15-lora32a1-b-000030/style/felix_vallotton_stroke,1298.7596435546875,2323.440673828125,1289.35498046875
ddim-v1-5-pruned-emaonly-exp-1003-sd15-lora32a1-b-000030/style/ghibi_alter,1583.8138427734375,921.4095458984375,516.10791015625
ddim-v1-5-pruned-emaonly-exp-1003-sd15-lora32a1-b-000030/style/ukiyo_e,2041.2576904296875,1090.66650390625,1267.4417724609375
ddim-v1-5-pruned-emaonly-exp-1003-sd15-lora32a1-b-000030/style/impressionism,723.8009033203125,838.4080810546875,1128.01171875
ddim-v1-5-pruned-emaonly-exp-1003-sd15-lora32a1-b-000030/style/vladimir_borovikovsky,1536.728759765625,854.560546875,1400.376220703125
ddim-v1-5-pruned-emaonly-exp-1003-sd15-lora32a1-b-000030/style/pencil_drawing,1102.69287109375,858.2432861328125,1573.81494140625
ddim-v1-5-pruned-emaonly-exp-1003-sd15-lora32a1-b-000030/style/ghibi,2502.58154296875,2124.770263671875,5293.91064453125
ddim-v1-5-pruned-emaonly-exp-1026-sd15-lokrf8-lr1e-3-b-000030/style/felix_vallotton_stroke,1187.213623046875,1972.375244140625,1122.817626953125
ddim-v1-5-pruned-emaonly-exp-1026-sd15-lokrf8-lr1e-3-b-000030/style/ghibi_alter,696.8216552734375,432.88812255859375,296.0563049316406
ddim-v1-5-pruned-emaonly-exp-1026-sd15-lokrf8-lr1e-3-b-000030/style/ukiyo_e,1763.968505859375,1102.0479736328125,880.085693359375
ddim-v1-5-pruned-emaonly-exp-1026-sd15-lokrf8-lr1e-3-b-000030/style/impressionism,1621.180908203125,1825.620849609375,1984.2506103515625
ddim-v1-5-pruned-emaonly-exp-1026-sd15-lokrf8-lr1e-3-b-000030/style/vladimir_borovikovsky,1860.50830078125,1749.1978759765625,1730.32958984375
ddim-v1-5-pruned-emaonly-exp-1026-sd15-lokrf8-lr1e-3-b-000030/style/pencil_drawing,1272.5599365234375,1484.0045166015625,1677.5211181640625
ddim-v1-5-pruned-emaonly-exp-1026-sd15-lokrf8-lr1e-3-b-000030/style/ghibi,1308.9990234375,1105.8809814453125,927.071533203125
ddim-v1-5-pruned-emaonly-exp-1002-sd15-lora32a16-b-000030/style/felix_vallotton_stroke,1166.4332275390625,1360.0692138671875,1052.186279296875
ddim-v1-5-pruned-emaonly-exp-1002-sd15-lora32a16-b-000030/style/ghibi_alter,897.5047607421875,362.6246337890625,338.7549133300781
ddim-v1-5-pruned-emaonly-exp-1002-sd15-lora32a16-b-000030/style/ukiyo_e,1221.924560546875,859.5169677734375,790.8129272460938
ddim-v1-5-pruned-emaonly-exp-1002-sd15-lora32a16-b-000030/style/impressionism,1194.45166015625,810.0136108398438,1001.2901611328125
ddim-v1-5-pruned-emaonly-exp-1002-sd15-lora32a16-b-000030/style/vladimir_borovikovsky,1481.8209228515625,727.2227783203125,1166.5931396484375
ddim-v1-5-pruned-emaonly-exp-1002-sd15-lora32a16-b-000030/style/pencil_drawing,1095.3468017578125,642.258544921875,558.7637939453125
ddim-v1-5-pruned-emaonly-exp-1002-sd15-lora32a16-b-000030/style/ghibi,1892.508544921875,1310.970458984375,1242.33447265625
ddim-v1-5-pruned-emaonly-exp-1017-sd15-loha4a2-lr5e-3-b/style/felix_vallotton_stroke,1027.7056884765625,1604.05419921875,1038.8280029296875
ddim-v1-5-pruned-emaonly-exp-1017-sd15-loha4a2-lr5e-3-b/style/ghibi_alter,371.14276123046875,270.0540466308594,227.82406616210938
ddim-v1-5-pruned-emaonly-exp-1017-sd15-loha4a2-lr5e-3-b/style/ukiyo_e,920.2787475585938,772.5725708007812,1006.8787231445312
ddim-v1-5-pruned-emaonly-exp-1017-sd15-loha4a2-lr5e-3-b/style/impressionism,480.7559814453125,442.978515625,501.00811767578125
ddim-v1-5-pruned-emaonly-exp-1017-sd15-loha4a2-lr5e-3-b/style/vladimir_borovikovsky,644.45263671875,608.0762939453125,843.8426513671875
ddim-v1-5-pruned-emaonly-exp-1017-sd15-loha4a2-lr5e-3-b/style/pencil_drawing,221.13525390625,231.05499267578125,223.47891235351562
ddim-v1-5-pruned-emaonly-exp-1017-sd15-loha4a2-lr5e-3-b/style/ghibi,1009.0416259765625,933.3353881835938,1038.0594482421875
ddim-v1-5-pruned-emaonly-exp-1004-sd15-lora8a4-full-b-000010/style/felix_vallotton_stroke,1329.6065673828125,2069.25830078125,1359.442626953125
ddim-v1-5-pruned-emaonly-exp-1004-sd15-lora8a4-full-b-000010/style/ghibi_alter,1270.307373046875,580.4906005859375,274.53875732421875
ddim-v1-5-pruned-emaonly-exp-1004-sd15-lora8a4-full-b-000010/style/ukiyo_e,1885.1708984375,1605.7525634765625,2546.14111328125
ddim-v1-5-pruned-emaonly-exp-1004-sd15-lora8a4-full-b-000010/style/impressionism,541.0777587890625,530.697509765625,494.42852783203125
ddim-v1-5-pruned-emaonly-exp-1004-sd15-lora8a4-full-b-000010/style/vladimir_borovikovsky,774.2230224609375,498.1327819824219,765.62255859375
ddim-v1-5-pruned-emaonly-exp-1004-sd15-lora8a4-full-b-000010/style/pencil_drawing,467.46307373046875,437.6491394042969,491.91302490234375
ddim-v1-5-pruned-emaonly-exp-1004-sd15-lora8a4-full-b-000010/style/ghibi,1267.544189453125,1165.9996337890625,949.0556640625
ddim-v1-5-pruned-emaonly-exp-1012-sd15-loha16a8-b-000010/style/felix_vallotton_stroke,1410.20361328125,1232.2080078125,1321.8876953125
ddim-v1-5-pruned-emaonly-exp-1012-sd15-loha16a8-b-000010/style/ghibi_alter,734.649658203125,305.59674072265625,315.9517822265625
ddim-v1-5-pruned-emaonly-exp-1012-sd15-loha16a8-b-000010/style/ukiyo_e,2342.077392578125,1379.2584228515625,1649.062255859375
ddim-v1-5-pruned-emaonly-exp-1012-sd15-loha16a8-b-000010/style/impressionism,928.2748413085938,601.6732788085938,829.849365234375
ddim-v1-5-pruned-emaonly-exp-1012-sd15-loha16a8-b-000010/style/vladimir_borovikovsky,947.872802734375,597.05517578125,537.0836181640625
ddim-v1-5-pruned-emaonly-exp-1012-sd15-loha16a8-b-000010/style/pencil_drawing,1232.1981201171875,1103.389892578125,1469.140380859375
ddim-v1-5-pruned-emaonly-exp-1012-sd15-loha16a8-b-000010/style/ghibi,2460.602294921875,1383.33544921875,1773.550048828125
ddim-v1-5-pruned-emaonly-exp-1012-sd15-loha16a8-b-000030/style/felix_vallotton_stroke,1187.3011474609375,1794.308349609375,1105.0125732421875
ddim-v1-5-pruned-emaonly-exp-1012-sd15-loha16a8-b-000030/style/ghibi_alter,810.9732055664062,396.1138916015625,292.8502197265625
ddim-v1-5-pruned-emaonly-exp-1012-sd15-loha16a8-b-000030/style/ukiyo_e,2349.658447265625,1330.925537109375,1444.246337890625
ddim-v1-5-pruned-emaonly-exp-1012-sd15-loha16a8-b-000030/style/impressionism,1365.175048828125,1075.63720703125,1349.165771484375
ddim-v1-5-pruned-emaonly-exp-1012-sd15-loha16a8-b-000030/style/vladimir_borovikovsky,1572.399658203125,1113.098388671875,1523.822265625
ddim-v1-5-pruned-emaonly-exp-1012-sd15-loha16a8-b-000030/style/pencil_drawing,1303.0731201171875,992.406494140625,754.870849609375
ddim-v1-5-pruned-emaonly-exp-1012-sd15-loha16a8-b-000030/style/ghibi,1663.212890625,1310.8406982421875,936.6719970703125
ddim-v1-5-pruned-emaonly-exp-1007-sd15-lora8a4-lr5e-5-b/style/felix_vallotton_stroke,1338.8468017578125,2541.037109375,1436.185302734375
ddim-v1-5-pruned-emaonly-exp-1007-sd15-lora8a4-lr5e-5-b/style/ghibi_alter,1597.2291259765625,675.797119140625,570.6934814453125
ddim-v1-5-pruned-emaonly-exp-1007-sd15-lora8a4-lr5e-5-b/style/ukiyo_e,2314.459228515625,1368.21240234375,1893.955810546875
ddim-v1-5-pruned-emaonly-exp-1007-sd15-lora8a4-lr5e-5-b/style/impressionism,677.2322387695312,729.3004150390625,701.5030517578125
ddim-v1-5-pruned-emaonly-exp-1007-sd15-lora8a4-lr5e-5-b/style/vladimir_borovikovsky,1382.3583984375,866.1912231445312,1940.965087890625
ddim-v1-5-pruned-emaonly-exp-1007-sd15-lora8a4-lr5e-5-b/style/pencil_drawing,741.484619140625,592.2098388671875,695.2734375
ddim-v1-5-pruned-emaonly-exp-1007-sd15-lora8a4-lr5e-5-b/style/ghibi,1774.1868896484375,1428.923095703125,5637.81005859375
ddim-v1-5-pruned-emaonly-exp-1003-sd15-lora32a1-b/style/felix_vallotton_stroke,1148.035888671875,2363.519287109375,1108.9954833984375
ddim-v1-5-pruned-emaonly-exp-1003-sd15-lora32a1-b/style/ghibi_alter,1126.9766845703125,621.9718017578125,281.3331604003906
ddim-v1-5-pruned-emaonly-exp-1003-sd15-lora32a1-b/style/ukiyo_e,2148.1728515625,1145.5755615234375,1617.0374755859375
ddim-v1-5-pruned-emaonly-exp-1003-sd15-lora32a1-b/style/impressionism,843.50927734375,780.4340209960938,801.947021484375
ddim-v1-5-pruned-emaonly-exp-1003-sd15-lora32a1-b/style/vladimir_borovikovsky,1521.376953125,1058.0634765625,1617.5115966796875
ddim-v1-5-pruned-emaonly-exp-1003-sd15-lora32a1-b/style/pencil_drawing,1067.267578125,619.266357421875,1657.774169921875
ddim-v1-5-pruned-emaonly-exp-1003-sd15-lora32a1-b/style/ghibi,1958.8843994140625,1437.66796875,2758.349609375
ddim-v1-5-pruned-emaonly-exp-1027-sd15-lokrf8-lr5e-3-b/style/felix_vallotton_stroke,1164.278564453125,1434.40576171875,1447.619140625
ddim-v1-5-pruned-emaonly-exp-1027-sd15-lokrf8-lr5e-3-b/style/ghibi_alter,1301.54345703125,1112.1177978515625,699.190185546875
ddim-v1-5-pruned-emaonly-exp-1027-sd15-lokrf8-lr5e-3-b/style/ukiyo_e,1998.700439453125,1327.2232666015625,1123.93798828125
ddim-v1-5-pruned-emaonly-exp-1027-sd15-lokrf8-lr5e-3-b/style/impressionism,492.4397888183594,607.9775390625,526.1475830078125
ddim-v1-5-pruned-emaonly-exp-1027-sd15-lokrf8-lr5e-3-b/style/vladimir_borovikovsky,846.1202392578125,814.8619384765625,763.1029663085938
ddim-v1-5-pruned-emaonly-exp-1027-sd15-lokrf8-lr5e-3-b/style/pencil_drawing,605.80908203125,458.2257995605469,353.7633056640625
ddim-v1-5-pruned-emaonly-exp-1027-sd15-lokrf8-lr5e-3-b/style/ghibi,1491.492919921875,1521.949462890625,1542.002197265625
ddim-v1-5-pruned-emaonly-exp-1022-sd15-lokrf4-b-000030/style/felix_vallotton_stroke,1292.0496826171875,1792.76904296875,940.774658203125
ddim-v1-5-pruned-emaonly-exp-1022-sd15-lokrf4-b-000030/style/ghibi_alter,847.0020141601562,361.28924560546875,301.8489074707031
ddim-v1-5-pruned-emaonly-exp-1022-sd15-lokrf4-b-000030/style/ukiyo_e,1410.577392578125,1142.662353515625,1546.459716796875
ddim-v1-5-pruned-emaonly-exp-1022-sd15-lokrf4-b-000030/style/impressionism,804.6387939453125,606.21484375,735.8606567382812
ddim-v1-5-pruned-emaonly-exp-1022-sd15-lokrf4-b-000030/style/vladimir_borovikovsky,859.8555297851562,656.8082275390625,599.2283325195312
ddim-v1-5-pruned-emaonly-exp-1022-sd15-lokrf4-b-000030/style/pencil_drawing,548.6843872070312,328.875732421875,300.1114501953125
ddim-v1-5-pruned-emaonly-exp-1022-sd15-lokrf4-b-000030/style/ghibi,1995.436767578125,1133.546142578125,1043.063232421875
ddim-v1-5-pruned-emaonly-exp-1027-sd15-lokrf8-lr5e-3-b-000010/style/felix_vallotton_stroke,1416.940673828125,1979.8153076171875,2765.5625
ddim-v1-5-pruned-emaonly-exp-1027-sd15-lokrf8-lr5e-3-b-000010/style/ghibi_alter,805.5430908203125,538.5877075195312,289.743408203125
ddim-v1-5-pruned-emaonly-exp-1027-sd15-lokrf8-lr5e-3-b-000010/style/ukiyo_e,1484.676513671875,1165.5277099609375,1169.502197265625
ddim-v1-5-pruned-emaonly-exp-1027-sd15-lokrf8-lr5e-3-b-000010/style/impressionism,378.4228515625,388.80316162109375,351.56512451171875
ddim-v1-5-pruned-emaonly-exp-1027-sd15-lokrf8-lr5e-3-b-000010/style/vladimir_borovikovsky,406.43798828125,392.4403991699219,274.9375
ddim-v1-5-pruned-emaonly-exp-1027-sd15-lokrf8-lr5e-3-b-000010/style/pencil_drawing,197.600341796875,255.5869140625,229.33651733398438
ddim-v1-5-pruned-emaonly-exp-1027-sd15-lokrf8-lr5e-3-b-000010/style/ghibi,1057.19873046875,1548.0787353515625,2471.9990234375
ddim-v1-5-pruned-emaonly-exp-1021-sd15-lokrf8-b-000030/style/felix_vallotton_stroke,1128.067138671875,1994.28515625,1217.965087890625
ddim-v1-5-pruned-emaonly-exp-1021-sd15-lokrf8-b-000030/style/ghibi_alter,1015.4437866210938,515.154296875,319.65924072265625
ddim-v1-5-pruned-emaonly-exp-1021-sd15-lokrf8-b-000030/style/ukiyo_e,2006.95361328125,1070.8101806640625,1421.817626953125
ddim-v1-5-pruned-emaonly-exp-1021-sd15-lokrf8-b-000030/style/impressionism,1058.79833984375,1248.4814453125,1185.506103515625
ddim-v1-5-pruned-emaonly-exp-1021-sd15-lokrf8-b-000030/style/vladimir_borovikovsky,1690.2242431640625,1181.9403076171875,2266.08154296875
ddim-v1-5-pruned-emaonly-exp-1021-sd15-lokrf8-b-000030/style/pencil_drawing,894.3517456054688,1007.421142578125,1374.0506591796875
ddim-v1-5-pruned-emaonly-exp-1021-sd15-lokrf8-b-000030/style/ghibi,1700.2496337890625,1271.72021484375,855.7781982421875
ddim-v1-5-pruned-emaonly-exp-1022-sd15-lokrf4-b-000010/style/felix_vallotton_stroke,1094.242919921875,1561.021484375,903.769287109375
ddim-v1-5-pruned-emaonly-exp-1022-sd15-lokrf4-b-000010/style/ghibi_alter,428.086669921875,285.0999755859375,244.72055053710938
ddim-v1-5-pruned-emaonly-exp-1022-sd15-lokrf4-b-000010/style/ukiyo_e,1412.237548828125,927.4927978515625,1089.063232421875
ddim-v1-5-pruned-emaonly-exp-1022-sd15-lokrf4-b-000010/style/impressionism,613.8851318359375,605.4625244140625,857.682373046875
ddim-v1-5-pruned-emaonly-exp-1022-sd15-lokrf4-b-000010/style/vladimir_borovikovsky,857.8141479492188,657.9000854492188,856.3564453125
ddim-v1-5-pruned-emaonly-exp-1022-sd15-lokrf4-b-000010/style/pencil_drawing,1017.3876953125,784.4442138671875,1769.62548828125
ddim-v1-5-pruned-emaonly-exp-1022-sd15-lokrf4-b-000010/style/ghibi,1424.924560546875,1025.4490966796875,1565.70068359375
ddim-v1-5-pruned-emaonly-exp-1006-sd15-lora8a4-lr1e-4-b-000030/style/felix_vallotton_stroke,1490.3929443359375,2698.9658203125,1432.260986328125
ddim-v1-5-pruned-emaonly-exp-1006-sd15-lora8a4-lr1e-4-b-000030/style/ghibi_alter,2082.371337890625,770.575439453125,2696.26318359375
ddim-v1-5-pruned-emaonly-exp-1006-sd15-lora8a4-lr1e-4-b-000030/style/ukiyo_e,2562.834716796875,1497.5372314453125,2114.573486328125
ddim-v1-5-pruned-emaonly-exp-1006-sd15-lora8a4-lr1e-4-b-000030/style/impressionism,795.498291015625,792.2603149414062,719.174560546875
ddim-v1-5-pruned-emaonly-exp-1006-sd15-lora8a4-lr1e-4-b-000030/style/vladimir_borovikovsky,1471.3509521484375,946.9530029296875,1757.0634765625
ddim-v1-5-pruned-emaonly-exp-1006-sd15-lora8a4-lr1e-4-b-000030/style/pencil_drawing,845.853271484375,753.0819091796875,692.9303588867188
ddim-v1-5-pruned-emaonly-exp-1006-sd15-lora8a4-lr1e-4-b-000030/style/ghibi,1815.203369140625,1765.3134765625,2736.430419921875
ddim-v1-5-pruned-emaonly-exp-1016-sd15-loha4a2-lr1e-3-b/style/felix_vallotton_stroke,1678.08642578125,1962.72998046875,1445.9090576171875
ddim-v1-5-pruned-emaonly-exp-1016-sd15-loha4a2-lr1e-3-b/style/ghibi_alter,1106.1005859375,707.59521484375,459.8497314453125
ddim-v1-5-pruned-emaonly-exp-1016-sd15-loha4a2-lr1e-3-b/style/ukiyo_e,1841.160888671875,1245.5521240234375,1641.136474609375
ddim-v1-5-pruned-emaonly-exp-1016-sd15-loha4a2-lr1e-3-b/style/impressionism,770.3941650390625,878.6759033203125,679.1963500976562
ddim-v1-5-pruned-emaonly-exp-1016-sd15-loha4a2-lr1e-3-b/style/vladimir_borovikovsky,1288.125244140625,757.074462890625,1329.9169921875
ddim-v1-5-pruned-emaonly-exp-1016-sd15-loha4a2-lr1e-3-b/style/pencil_drawing,550.4610595703125,505.17572021484375,591.69970703125
ddim-v1-5-pruned-emaonly-exp-1016-sd15-loha4a2-lr1e-3-b/style/ghibi,1697.447021484375,1609.90869140625,2156.575927734375
ddim-v1-5-pruned-emaonly-exp-1013-sd15-loha16a1-b/style/felix_vallotton_stroke,1819.7900390625,2352.7578125,1747.6678466796875
ddim-v1-5-pruned-emaonly-exp-1013-sd15-loha16a1-b/style/ghibi_alter,1545.704345703125,895.99462890625,556.090576171875
ddim-v1-5-pruned-emaonly-exp-1013-sd15-loha16a1-b/style/ukiyo_e,2099.4228515625,1193.0052490234375,1340.519287109375
ddim-v1-5-pruned-emaonly-exp-1013-sd15-loha16a1-b/style/impressionism,627.6890869140625,833.6156005859375,1022.8955078125
ddim-v1-5-pruned-emaonly-exp-1013-sd15-loha16a1-b/style/vladimir_borovikovsky,1600.4891357421875,814.9252319335938,2833.880615234375
ddim-v1-5-pruned-emaonly-exp-1013-sd15-loha16a1-b/style/pencil_drawing,683.787109375,499.7132873535156,1334.30322265625
ddim-v1-5-pruned-emaonly-exp-1013-sd15-loha16a1-b/style/ghibi,1432.7666015625,1287.545654296875,1283.5439453125
ddim-v1-5-pruned-emaonly-exp-1025-sd15-lokrf8-attnonly-b-000030/style/felix_vallotton_stroke,1831.222412109375,2359.26904296875,1951.0311279296875
ddim-v1-5-pruned-emaonly-exp-1025-sd15-lokrf8-attnonly-b-000030/style/ghibi_alter,1063.0240478515625,649.527587890625,890.7572021484375
ddim-v1-5-pruned-emaonly-exp-1025-sd15-lokrf8-attnonly-b-000030/style/ukiyo_e,2576.324462890625,1713.2174072265625,1207.70703125
ddim-v1-5-pruned-emaonly-exp-1025-sd15-lokrf8-attnonly-b-000030/style/impressionism,801.0887451171875,1240.427978515625,599.42919921875
ddim-v1-5-pruned-emaonly-exp-1025-sd15-lokrf8-attnonly-b-000030/style/vladimir_borovikovsky,811.3497314453125,846.7894287109375,1023.695556640625
ddim-v1-5-pruned-emaonly-exp-1025-sd15-lokrf8-attnonly-b-000030/style/pencil_drawing,497.12994384765625,868.9197998046875,1792.76416015625
ddim-v1-5-pruned-emaonly-exp-1025-sd15-lokrf8-attnonly-b-000030/style/ghibi,1761.15283203125,1345.7862548828125,2466.6064453125
ddim-v1-5-pruned-emaonly-exp-1023-sd15-lokrconf12-b-000010/style/felix_vallotton_stroke,1366.133056640625,1769.7314453125,1301.3782958984375
ddim-v1-5-pruned-emaonly-exp-1023-sd15-lokrconf12-b-000010/style/ghibi_alter,875.314208984375,480.360595703125,235.96383666992188
ddim-v1-5-pruned-emaonly-exp-1023-sd15-lokrconf12-b-000010/style/ukiyo_e,2251.8271484375,1573.947509765625,1719.857421875
ddim-v1-5-pruned-emaonly-exp-1023-sd15-lokrconf12-b-000010/style/impressionism,895.3712768554688,704.9112548828125,508.1680603027344
ddim-v1-5-pruned-emaonly-exp-1023-sd15-lokrconf12-b-000010/style/vladimir_borovikovsky,1395.4246826171875,729.097412109375,690.4608764648438
ddim-v1-5-pruned-emaonly-exp-1023-sd15-lokrconf12-b-000010/style/pencil_drawing,916.590087890625,666.3870849609375,1215.09521484375
ddim-v1-5-pruned-emaonly-exp-1023-sd15-lokrconf12-b-000010/style/ghibi,1200.677978515625,1012.4334716796875,798.205810546875
ddim-v1-5-pruned-emaonly-exp-1011-sd15-loha4a2-b-000030/style/felix_vallotton_stroke,2251.070068359375,2564.0498046875,1922.924072265625
ddim-v1-5-pruned-emaonly-exp-1011-sd15-loha4a2-b-000030/style/ghibi_alter,1262.216796875,579.614990234375,425.9676513671875
ddim-v1-5-pruned-emaonly-exp-1011-sd15-loha4a2-b-000030/style/ukiyo_e,1837.608154296875,1087.79150390625,1244.04150390625
ddim-v1-5-pruned-emaonly-exp-1011-sd15-loha4a2-b-000030/style/impressionism,611.6043701171875,692.521240234375,754.76318359375
ddim-v1-5-pruned-emaonly-exp-1011-sd15-loha4a2-b-000030/style/vladimir_borovikovsky,1055.506103515625,658.070068359375,961.1761474609375
ddim-v1-5-pruned-emaonly-exp-1011-sd15-loha4a2-b-000030/style/pencil_drawing,386.6265563964844,355.61553955078125,519.4722290039062
ddim-v1-5-pruned-emaonly-exp-1011-sd15-loha4a2-b-000030/style/ghibi,1452.31591796875,1271.1728515625,1135.7891845703125
ddim-v1-5-pruned-emaonly-exp-1017-sd15-loha4a2-lr5e-3-b-000010/style/felix_vallotton_stroke,1832.623046875,1947.929931640625,2422.574951171875
ddim-v1-5-pruned-emaonly-exp-1017-sd15-loha4a2-lr5e-3-b-000010/style/ghibi_alter,1833.6815185546875,792.195068359375,564.8917846679688
ddim-v1-5-pruned-emaonly-exp-1017-sd15-loha4a2-lr5e-3-b-000010/style/ukiyo_e,1042.5357666015625,833.1656494140625,845.9638671875
ddim-v1-5-pruned-emaonly-exp-1017-sd15-loha4a2-lr5e-3-b-000010/style/impressionism,463.0159912109375,452.14556884765625,331.19256591796875
ddim-v1-5-pruned-emaonly-exp-1017-sd15-loha4a2-lr5e-3-b-000010/style/vladimir_borovikovsky,741.8800048828125,471.15777587890625,710.364990234375
ddim-v1-5-pruned-emaonly-exp-1017-sd15-loha4a2-lr5e-3-b-000010/style/pencil_drawing,334.66326904296875,285.68121337890625,231.99832153320312
ddim-v1-5-pruned-emaonly-exp-1017-sd15-loha4a2-lr5e-3-b-000010/style/ghibi,1325.17431640625,962.62841796875,987.3089599609375
ddim-v1-5-pruned-emaonly-exp-1023-sd15-lokrconf12-b/style/felix_vallotton_stroke,1136.00537109375,1713.136474609375,1401.02880859375
ddim-v1-5-pruned-emaonly-exp-1023-sd15-lokrconf12-b/style/ghibi_alter,1496.520751953125,973.73388671875,677.2117919921875
ddim-v1-5-pruned-emaonly-exp-1023-sd15-lokrconf12-b/style/ukiyo_e,2477.668701171875,1886.593505859375,2310.308837890625
ddim-v1-5-pruned-emaonly-exp-1023-sd15-lokrconf12-b/style/impressionism,1188.411865234375,1223.86474609375,687.88720703125
ddim-v1-5-pruned-emaonly-exp-1023-sd15-lokrconf12-b/style/vladimir_borovikovsky,1803.623779296875,1925.09521484375,1692.864501953125
ddim-v1-5-pruned-emaonly-exp-1023-sd15-lokrconf12-b/style/pencil_drawing,1348.65087890625,1382.3868408203125,1505.3740234375
ddim-v1-5-pruned-emaonly-exp-1023-sd15-lokrconf12-b/style/ghibi,2407.079345703125,2168.599853515625,2389.450927734375
ddim-v1-5-pruned-emaonly-exp-1022-sd15-lokrf4-b/style/felix_vallotton_stroke,1428.10546875,1956.927734375,1058.4725341796875
ddim-v1-5-pruned-emaonly-exp-1022-sd15-lokrf4-b/style/ghibi_alter,623.6064453125,276.2461242675781,217.74752807617188
ddim-v1-5-pruned-emaonly-exp-1022-sd15-lokrf4-b/style/ukiyo_e,1702.01318359375,1159.8819580078125,1122.6439208984375
ddim-v1-5-pruned-emaonly-exp-1022-sd15-lokrf4-b/style/impressionism,1316.214111328125,1217.7296142578125,1864.784912109375
ddim-v1-5-pruned-emaonly-exp-1022-sd15-lokrf4-b/style/vladimir_borovikovsky,1218.331298828125,942.86083984375,957.0264892578125
ddim-v1-5-pruned-emaonly-exp-1022-sd15-lokrf4-b/style/pencil_drawing,426.13775634765625,248.33303833007812,194.72177124023438
ddim-v1-5-pruned-emaonly-exp-1022-sd15-lokrf4-b/style/ghibi,2403.750244140625,1090.843994140625,1039.1923828125
ddim-v1-5-pruned-emaonly-exp-1003-sd15-lora32a1-b-000010/style/felix_vallotton_stroke,1536.22021484375,2459.1455078125,1565.781494140625
ddim-v1-5-pruned-emaonly-exp-1003-sd15-lora32a1-b-000010/style/ghibi_alter,1603.923583984375,707.3483276367188,748.0291748046875
ddim-v1-5-pruned-emaonly-exp-1003-sd15-lora32a1-b-000010/style/ukiyo_e,1712.5086669921875,1111.41259765625,1359.917724609375
ddim-v1-5-pruned-emaonly-exp-1003-sd15-lora32a1-b-000010/style/impressionism,594.9635620117188,471.91754150390625,444.10772705078125
ddim-v1-5-pruned-emaonly-exp-1003-sd15-lora32a1-b-000010/style/vladimir_borovikovsky,1564.68994140625,673.374755859375,1248.659423828125
ddim-v1-5-pruned-emaonly-exp-1003-sd15-lora32a1-b-000010/style/pencil_drawing,521.8458862304688,379.23333740234375,559.2655639648438
ddim-v1-5-pruned-emaonly-exp-1003-sd15-lora32a1-b-000010/style/ghibi,1893.9813232421875,1358.55615234375,7441.9365234375
ddim-v1-5-pruned-emaonly-exp-1011-sd15-loha4a2-b-000010/style/felix_vallotton_stroke,1695.11279296875,2209.4521484375,1619.40234375
ddim-v1-5-pruned-emaonly-exp-1011-sd15-loha4a2-b-000010/style/ghibi_alter,1966.2529296875,875.9691162109375,1375.5595703125
ddim-v1-5-pruned-emaonly-exp-1011-sd15-loha4a2-b-000010/style/ukiyo_e,1640.82275390625,1037.4052734375,874.302490234375
ddim-v1-5-pruned-emaonly-exp-1011-sd15-loha4a2-b-000010/style/impressionism,631.1820068359375,775.0025634765625,971.7193603515625
ddim-v1-5-pruned-emaonly-exp-1011-sd15-loha4a2-b-000010/style/vladimir_borovikovsky,1283.6180419921875,888.3274536132812,1557.14208984375
ddim-v1-5-pruned-emaonly-exp-1011-sd15-loha4a2-b-000010/style/pencil_drawing,413.3780517578125,441.1025695800781,342.17401123046875
ddim-v1-5-pruned-emaonly-exp-1011-sd15-loha4a2-b-000010/style/ghibi,2044.662109375,1482.716064453125,2990.001220703125
ddim-v1-5-pruned-emaonly-exp-1015-sd15-loha4a2-attnonly-b-000010/style/felix_vallotton_stroke,2181.515625,3139.68603515625,2338.924560546875
ddim-v1-5-pruned-emaonly-exp-1015-sd15-loha4a2-attnonly-b-000010/style/ghibi_alter,1955.3187255859375,962.4428100585938,752.5866088867188
ddim-v1-5-pruned-emaonly-exp-1015-sd15-loha4a2-attnonly-b-000010/style/ukiyo_e,1873.3223876953125,1324.238525390625,1569.35546875
ddim-v1-5-pruned-emaonly-exp-1015-sd15-loha4a2-attnonly-b-000010/style/impressionism,586.0518188476562,764.1914672851562,546.2933349609375
ddim-v1-5-pruned-emaonly-exp-1015-sd15-loha4a2-attnonly-b-000010/style/vladimir_borovikovsky,1346.393798828125,678.7334594726562,1879.103271484375
ddim-v1-5-pruned-emaonly-exp-1015-sd15-loha4a2-attnonly-b-000010/style/pencil_drawing,403.4776611328125,693.476806640625,1356.156494140625
ddim-v1-5-pruned-emaonly-exp-1015-sd15-loha4a2-attnonly-b-000010/style/ghibi,1421.776611328125,1367.147705078125,2626.10986328125
ddim-v1-5-pruned-emaonly-exp-1015-sd15-loha4a2-attnonly-b/style/felix_vallotton_stroke,2231.323974609375,2667.3046875,2052.8330078125
ddim-v1-5-pruned-emaonly-exp-1015-sd15-loha4a2-attnonly-b/style/ghibi_alter,1797.089599609375,1067.6942138671875,526.25244140625
ddim-v1-5-pruned-emaonly-exp-1015-sd15-loha4a2-attnonly-b/style/ukiyo_e,1542.136962890625,1074.353759765625,1603.3616943359375
ddim-v1-5-pruned-emaonly-exp-1015-sd15-loha4a2-attnonly-b/style/impressionism,551.2208251953125,827.76220703125,466.2168273925781
ddim-v1-5-pruned-emaonly-exp-1015-sd15-loha4a2-attnonly-b/style/vladimir_borovikovsky,1486.927978515625,909.9859619140625,2039.187744140625
ddim-v1-5-pruned-emaonly-exp-1015-sd15-loha4a2-attnonly-b/style/pencil_drawing,316.52337646484375,949.5428466796875,3954.00048828125
ddim-v1-5-pruned-emaonly-exp-1015-sd15-loha4a2-attnonly-b/style/ghibi,1352.8173828125,1074.6971435546875,4029.5654296875
ddim-v1-5-pruned-emaonly-exp-1005-sd15-lora8a4-attnonly-b/style/felix_vallotton_stroke,1772.3236083984375,2681.66796875,1457.882568359375
ddim-v1-5-pruned-emaonly-exp-1005-sd15-lora8a4-attnonly-b/style/ghibi_alter,968.940185546875,789.3060302734375,393.42047119140625
ddim-v1-5-pruned-emaonly-exp-1005-sd15-lora8a4-attnonly-b/style/ukiyo_e,1907.27294921875,1285.5924072265625,1901.621826171875
ddim-v1-5-pruned-emaonly-exp-1005-sd15-lora8a4-attnonly-b/style/impressionism,503.98748779296875,459.0316162109375,405.181396484375
ddim-v1-5-pruned-emaonly-exp-1005-sd15-lora8a4-attnonly-b/style/vladimir_borovikovsky,1093.733154296875,579.2283325195312,1584.078857421875
ddim-v1-5-pruned-emaonly-exp-1005-sd15-lora8a4-attnonly-b/style/pencil_drawing,401.3739013671875,342.7740478515625,256.8528747558594
ddim-v1-5-pruned-emaonly-exp-1005-sd15-lora8a4-attnonly-b/style/ghibi,1113.2113037109375,1169.1651611328125,1516.0947265625
ddim-v1-5-pruned-emaonly-exp-1005-sd15-lora8a4-attnonly-b-000010/style/felix_vallotton_stroke,1920.4241943359375,2042.4058837890625,2247.534912109375
ddim-v1-5-pruned-emaonly-exp-1005-sd15-lora8a4-attnonly-b-000010/style/ghibi_alter,1917.929443359375,736.9420166015625,523.1688232421875
ddim-v1-5-pruned-emaonly-exp-1005-sd15-lora8a4-attnonly-b-000010/style/ukiyo_e,1768.609375,1240.1177978515625,2133.03271484375
ddim-v1-5-pruned-emaonly-exp-1005-sd15-lora8a4-attnonly-b-000010/style/impressionism,514.3800048828125,388.41766357421875,473.87872314453125
ddim-v1-5-pruned-emaonly-exp-1005-sd15-lora8a4-attnonly-b-000010/style/vladimir_borovikovsky,969.7818603515625,478.415771484375,1077.766845703125
ddim-v1-5-pruned-emaonly-exp-1005-sd15-lora8a4-attnonly-b-000010/style/pencil_drawing,467.1888732910156,290.19757080078125,387.17919921875
ddim-v1-5-pruned-emaonly-exp-1005-sd15-lora8a4-attnonly-b-000010/style/ghibi,1296.9735107421875,1103.107177734375,895.75439453125
ddim-v1-5-pruned-emaonly-exp-1026-sd15-lokrf8-lr1e-3-b-000010/style/felix_vallotton_stroke,1491.486083984375,1788.755615234375,1453.27197265625
ddim-v1-5-pruned-emaonly-exp-1026-sd15-lokrf8-lr1e-3-b-000010/style/ghibi_alter,1383.7327880859375,771.196044921875,583.1641845703125
ddim-v1-5-pruned-emaonly-exp-1026-sd15-lokrf8-lr1e-3-b-000010/style/ukiyo_e,2219.40625,1510.89892578125,1853.025146484375
ddim-v1-5-pruned-emaonly-exp-1026-sd15-lokrf8-lr1e-3-b-000010/style/impressionism,605.9534912109375,721.0496826171875,904.7537841796875
ddim-v1-5-pruned-emaonly-exp-1026-sd15-lokrf8-lr1e-3-b-000010/style/vladimir_borovikovsky,1148.807861328125,702.2095947265625,632.072021484375
ddim-v1-5-pruned-emaonly-exp-1026-sd15-lokrf8-lr1e-3-b-000010/style/pencil_drawing,1380.752685546875,1181.171142578125,1565.5472412109375
ddim-v1-5-pruned-emaonly-exp-1026-sd15-lokrf8-lr1e-3-b-000010/style/ghibi,3150.213134765625,2004.4453125,6512.232421875
ddim-v1-5-pruned-emaonly-exp-1021-sd15-lokrf8-b-000010/style/felix_vallotton_stroke,1583.799560546875,1776.578857421875,1421.23876953125
ddim-v1-5-pruned-emaonly-exp-1021-sd15-lokrf8-b-000010/style/ghibi_alter,1483.3310546875,558.864013671875,754.2898559570312
ddim-v1-5-pruned-emaonly-exp-1021-sd15-lokrf8-b-000010/style/ukiyo_e,1784.6732177734375,1018.12255859375,919.7105712890625
ddim-v1-5-pruned-emaonly-exp-1021-sd15-lokrf8-b-000010/style/impressionism,730.8599243164062,577.7293701171875,1075.58935546875
ddim-v1-5-pruned-emaonly-exp-1021-sd15-lokrf8-b-000010/style/vladimir_borovikovsky,944.0238037109375,529.3271484375,703.6773071289062
ddim-v1-5-pruned-emaonly-exp-1021-sd15-lokrf8-b-000010/style/pencil_drawing,808.91259765625,679.947998046875,1223.546142578125
ddim-v1-5-pruned-emaonly-exp-1021-sd15-lokrf8-b-000010/style/ghibi,1957.4781494140625,1399.3707275390625,1303.8447265625
ddim-v1-5-pruned-emaonly-exp-1001-sd15-lora8a4-b-000010/style/felix_vallotton_stroke,1678.149658203125,1683.025634765625,1731.52099609375
ddim-v1-5-pruned-emaonly-exp-1001-sd15-lora8a4-b-000010/style/ghibi_alter,948.635986328125,431.8519592285156,361.0252685546875
ddim-v1-5-pruned-emaonly-exp-1001-sd15-lora8a4-b-000010/style/ukiyo_e,1833.3128662109375,1358.59765625,1545.98486328125
ddim-v1-5-pruned-emaonly-exp-1001-sd15-lora8a4-b-000010/style/impressionism,695.7188720703125,577.8427734375,566.349609375
ddim-v1-5-pruned-emaonly-exp-1001-sd15-lora8a4-b-000010/style/vladimir_borovikovsky,1195.7291259765625,1016.1718139648438,2063.1337890625
ddim-v1-5-pruned-emaonly-exp-1001-sd15-lora8a4-b-000010/style/pencil_drawing,527.8759765625,445.4219970703125,453.91998291015625
ddim-v1-5-pruned-emaonly-exp-1001-sd15-lora8a4-b-000010/style/ghibi,1502.2061767578125,1378.5301513671875,2176.2412109375
ddim-v1-5-pruned-emaonly-exp-1002-sd15-lora32a16-b-000010/style/felix_vallotton_stroke,1008.7169189453125,1284.63671875,977.819091796875
ddim-v1-5-pruned-emaonly-exp-1002-sd15-lora32a16-b-000010/style/ghibi_alter,918.5839233398438,470.89410400390625,255.22024536132812
ddim-v1-5-pruned-emaonly-exp-1002-sd15-lora32a16-b-000010/style/ukiyo_e,2825.95751953125,2599.66552734375,1786.7403564453125
ddim-v1-5-pruned-emaonly-exp-1002-sd15-lora32a16-b-000010/style/impressionism,703.9508666992188,541.521728515625,639.2747192382812
ddim-v1-5-pruned-emaonly-exp-1002-sd15-lora32a16-b-000010/style/vladimir_borovikovsky,1310.686767578125,830.517822265625,1095.5626220703125
ddim-v1-5-pruned-emaonly-exp-1002-sd15-lora32a16-b-000010/style/pencil_drawing,678.1798095703125,385.94696044921875,489.0989990234375
ddim-v1-5-pruned-emaonly-exp-1002-sd15-lora32a16-b-000010/style/ghibi,2113.75439453125,1479.63671875,1925.249267578125
ddim-v1-5-pruned-emaonly-exp-1015-sd15-loha4a2-attnonly-b-000030/style/felix_vallotton_stroke,1784.836669921875,2516.56884765625,1792.7890625
ddim-v1-5-pruned-emaonly-exp-1015-sd15-loha4a2-attnonly-b-000030/style/ghibi_alter,1504.0155029296875,733.2518310546875,353.04241943359375
ddim-v1-5-pruned-emaonly-exp-1015-sd15-loha4a2-attnonly-b-000030/style/ukiyo_e,1699.8321533203125,1172.32861328125,1167.030029296875
ddim-v1-5-pruned-emaonly-exp-1015-sd15-loha4a2-attnonly-b-000030/style/impressionism,541.8765869140625,705.40576171875,497.21405029296875
ddim-v1-5-pruned-emaonly-exp-1015-sd15-loha4a2-attnonly-b-000030/style/vladimir_borovikovsky,1246.8409423828125,788.5455932617188,1816.4031982421875
ddim-v1-5-pruned-emaonly-exp-1015-sd15-loha4a2-attnonly-b-000030/style/pencil_drawing,310.88330078125,571.4760131835938,886.5629272460938
ddim-v1-5-pruned-emaonly-exp-1015-sd15-loha4a2-attnonly-b-000030/style/ghibi,1262.60400390625,1132.029541015625,1326.9462890625
ddim-v1-5-pruned-emaonly-exp-1005-sd15-lora8a4-attnonly-b-000030/style/felix_vallotton_stroke,1529.3773193359375,2403.85888671875,1417.9569091796875
ddim-v1-5-pruned-emaonly-exp-1005-sd15-lora8a4-attnonly-b-000030/style/ghibi_alter,1256.453369140625,526.03466796875,403.3338928222656
ddim-v1-5-pruned-emaonly-exp-1005-sd15-lora8a4-attnonly-b-000030/style/ukiyo_e,1686.3206787109375,1286.539306640625,1880.97314453125
ddim-v1-5-pruned-emaonly-exp-1005-sd15-lora8a4-attnonly-b-000030/style/impressionism,441.0076904296875,400.5877685546875,398.3587646484375
ddim-v1-5-pruned-emaonly-exp-1005-sd15-lora8a4-attnonly-b-000030/style/vladimir_borovikovsky,1113.9224853515625,711.4296875,1220.377685546875
ddim-v1-5-pruned-emaonly-exp-1005-sd15-lora8a4-attnonly-b-000030/style/pencil_drawing,547.890869140625,353.4819030761719,363.2266845703125
ddim-v1-5-pruned-emaonly-exp-1005-sd15-lora8a4-attnonly-b-000030/style/ghibi,1797.361572265625,1082.825927734375,1280.734375
ddim-v1-5-pruned-emaonly-exp-1006-sd15-lora8a4-lr1e-4-b/style/felix_vallotton_stroke,1413.6571044921875,2824.166259765625,1517.983642578125
ddim-v1-5-pruned-emaonly-exp-1006-sd15-lora8a4-lr1e-4-b/style/ghibi_alter,2005.701171875,716.9359130859375,640.52490234375
ddim-v1-5-pruned-emaonly-exp-1006-sd15-lora8a4-lr1e-4-b/style/ukiyo_e,2502.108642578125,1538.693359375,2040.27685546875
ddim-v1-5-pruned-emaonly-exp-1006-sd15-lora8a4-lr1e-4-b/style/impressionism,783.714599609375,921.2431030273438,540.0892333984375
ddim-v1-5-pruned-emaonly-exp-1006-sd15-lora8a4-lr1e-4-b/style/vladimir_borovikovsky,1510.520751953125,1168.84912109375,1852.4908447265625
ddim-v1-5-pruned-emaonly-exp-1006-sd15-lora8a4-lr1e-4-b/style/pencil_drawing,1184.194580078125,1029.8409423828125,1082.5185546875
ddim-v1-5-pruned-emaonly-exp-1006-sd15-lora8a4-lr1e-4-b/style/ghibi,1732.620849609375,1823.7794189453125,2386.8076171875
ddim-v1-5-pruned-emaonly-exp-1014-sd15-loha4a2-full-b-000030/style/felix_vallotton_stroke,983.0579833984375,1886.3671875,976.9256591796875
ddim-v1-5-pruned-emaonly-exp-1014-sd15-loha4a2-full-b-000030/style/ghibi_alter,2017.370361328125,1272.3538818359375,990.8853759765625
ddim-v1-5-pruned-emaonly-exp-1014-sd15-loha4a2-full-b-000030/style/ukiyo_e,2295.9736328125,1273.5537109375,1184.403076171875
ddim-v1-5-pruned-emaonly-exp-1014-sd15-loha4a2-full-b-000030/style/impressionism,667.765869140625,861.5047607421875,602.5224609375
ddim-v1-5-pruned-emaonly-exp-1014-sd15-loha4a2-full-b-000030/style/vladimir_borovikovsky,1252.15478515625,812.1385498046875,1657.02490234375
ddim-v1-5-pruned-emaonly-exp-1014-sd15-loha4a2-full-b-000030/style/pencil_drawing,1452.134765625,981.8676147460938,2078.15087890625
ddim-v1-5-pruned-emaonly-exp-1014-sd15-loha4a2-full-b-000030/style/ghibi,1955.81787109375,1705.364501953125,1363.34716796875
ddim-v1-5-pruned-emaonly-exp-1001-sd15-lora8a4-b/style/felix_vallotton_stroke,1543.161376953125,2183.05078125,1328.10400390625
ddim-v1-5-pruned-emaonly-exp-1001-sd15-lora8a4-b/style/ghibi_alter,1496.400146484375,611.5067138671875,651.183349609375
ddim-v1-5-pruned-emaonly-exp-1001-sd15-lora8a4-b/style/ukiyo_e,1869.55224609375,1405.391845703125,1499.071044921875
ddim-v1-5-pruned-emaonly-exp-1001-sd15-lora8a4-b/style/impressionism,1356.7861328125,907.31005859375,705.8827514648438
ddim-v1-5-pruned-emaonly-exp-1001-sd15-lora8a4-b/style/vladimir_borovikovsky,2094.534912109375,1262.53759765625,1604.8634033203125
ddim-v1-5-pruned-emaonly-exp-1001-sd15-lora8a4-b/style/pencil_drawing,1581.0272216796875,1097.37255859375,1595.1531982421875
ddim-v1-5-pruned-emaonly-exp-1001-sd15-lora8a4-b/style/ghibi,1887.1932373046875,1590.055908203125,2142.20361328125
ddim-v1-5-pruned-emaonly-exp-1024-sd15-lokr8-full-b-000030/style/felix_vallotton_stroke,1004.571533203125,1820.902587890625,989.8193359375
ddim-v1-5-pruned-emaonly-exp-1024-sd15-lokr8-full-b-000030/style/ghibi_alter,1409.04541015625,857.8892211914062,839.8099365234375
ddim-v1-5-pruned-emaonly-exp-1024-sd15-lokr8-full-b-000030/style/ukiyo_e,1938.4296875,1799.179931640625,1808.0771484375
ddim-v1-5-pruned-emaonly-exp-1024-sd15-lokr8-full-b-000030/style/impressionism,1134.234130859375,1546.636962890625,1518.609130859375
ddim-v1-5-pruned-emaonly-exp-1024-sd15-lokr8-full-b-000030/style/vladimir_borovikovsky,2226.3388671875,1801.27392578125,2560.091796875
ddim-v1-5-pruned-emaonly-exp-1024-sd15-lokr8-full-b-000030/style/pencil_drawing,1447.472900390625,1459.65966796875,1474.10546875
ddim-v1-5-pruned-emaonly-exp-1024-sd15-lokr8-full-b-000030/style/ghibi,2186.15380859375,1778.328369140625,1890.4189453125
ddim-v1-5-pruned-emaonly-exp-1021-sd15-lokrf8-b/style/felix_vallotton_stroke,1134.3291015625,1956.595458984375,1014.4193115234375
ddim-v1-5-pruned-emaonly-exp-1021-sd15-lokrf8-b/style/ghibi_alter,881.3666381835938,392.59808349609375,316.8419189453125
ddim-v1-5-pruned-emaonly-exp-1021-sd15-lokrf8-b/style/ukiyo_e,1694.574462890625,882.37353515625,1012.4799194335938
ddim-v1-5-pruned-emaonly-exp-1021-sd15-lokrf8-b/style/impressionism,907.28955078125,1140.5994873046875,952.1881103515625
ddim-v1-5-pruned-emaonly-exp-1021-sd15-lokrf8-b/style/vladimir_borovikovsky,1384.2822265625,989.063232421875,1451.6168212890625
ddim-v1-5-pruned-emaonly-exp-1021-sd15-lokrf8-b/style/pencil_drawing,729.6143188476562,848.605712890625,1227.681640625
ddim-v1-5-pruned-emaonly-exp-1021-sd15-lokrf8-b/style/ghibi,2000.6573486328125,1425.910400390625,867.8837280273438
ddim-v1-5-pruned-emaonly-exp-1004-sd15-lora8a4-full-b/style/felix_vallotton_stroke,1236.2462158203125,2102.21435546875,1075.6358642578125
ddim-v1-5-pruned-emaonly-exp-1004-sd15-lora8a4-full-b/style/ghibi_alter,2605.8125,2217.283203125,2175.916015625
ddim-v1-5-pruned-emaonly-exp-1004-sd15-lora8a4-full-b/style/ukiyo_e,3109.2568359375,2387.752197265625,2244.65673828125
ddim-v1-5-pruned-emaonly-exp-1004-sd15-lora8a4-full-b/style/impressionism,1921.1693115234375,2144.6484375,2047.261962890625
ddim-v1-5-pruned-emaonly-exp-1004-sd15-lora8a4-full-b/style/vladimir_borovikovsky,2704.506591796875,2114.6025390625,1985.5347900390625
ddim-v1-5-pruned-emaonly-exp-1004-sd15-lora8a4-full-b/style/pencil_drawing,2470.09033203125,2087.875732421875,2288.070556640625
ddim-v1-5-pruned-emaonly-exp-1004-sd15-lora8a4-full-b/style/ghibi,2746.1552734375,2228.149658203125,2502.833251953125
ddim-v1-5-pruned-emaonly-exp-1025-sd15-lokrf8-attnonly-b/style/felix_vallotton_stroke,1708.2047119140625,2105.74853515625,1988.96923828125
ddim-v1-5-pruned-emaonly-exp-1025-sd15-lokrf8-attnonly-b/style/ghibi_alter,963.3211669921875,620.6813354492188,1009.4242553710938
ddim-v1-5-pruned-emaonly-exp-1025-sd15-lokrf8-attnonly-b/style/ukiyo_e,2275.429931640625,1532.8515625,992.8570556640625
ddim-v1-5-pruned-emaonly-exp-1025-sd15-lokrf8-attnonly-b/style/impressionism,506.08331298828125,1081.35302734375,753.129150390625
ddim-v1-5-pruned-emaonly-exp-1025-sd15-lokrf8-attnonly-b/style/vladimir_borovikovsky,677.2371215820312,602.90771484375,863.0070190429688
ddim-v1-5-pruned-emaonly-exp-1025-sd15-lokrf8-attnonly-b/style/pencil_drawing,373.3328552246094,705.5843505859375,1018.6851196289062
ddim-v1-5-pruned-emaonly-exp-1025-sd15-lokrf8-attnonly-b/style/ghibi,1297.531494140625,1126.21044921875,998.8970947265625
ddim-v1-5-pruned-emaonly-exp-1013-sd15-loha16a1-b-000030/style/felix_vallotton_stroke,1354.757568359375,2078.52197265625,1352.08935546875
ddim-v1-5-pruned-emaonly-exp-1013-sd15-loha16a1-b-000030/style/ghibi_alter,1414.4727783203125,616.8720703125,533.049072265625
ddim-v1-5-pruned-emaonly-exp-1013-sd15-loha16a1-b-000030/style/ukiyo_e,2486.351318359375,1266.7325439453125,1478.408935546875
ddim-v1-5-pruned-emaonly-exp-1013-sd15-loha16a1-b-000030/style/impressionism,740.385498046875,804.5709228515625,955.5665283203125
ddim-v1-5-pruned-emaonly-exp-1013-sd15-loha16a1-b-000030/style/vladimir_borovikovsky,1449.55517578125,728.4764404296875,1824.1214599609375
ddim-v1-5-pruned-emaonly-exp-1013-sd15-loha16a1-b-000030/style/pencil_drawing,949.78857421875,607.867919921875,1623.4371337890625
ddim-v1-5-pruned-emaonly-exp-1013-sd15-loha16a1-b-000030/style/ghibi,1715.011962890625,1314.22802734375,1832.5045166015625
ddim-v1-5-pruned-emaonly-exp-1016-sd15-loha4a2-lr1e-3-b-000030/style/felix_vallotton_stroke,1669.700439453125,2057.515380859375,1794.3035888671875
ddim-v1-5-pruned-emaonly-exp-1016-sd15-loha4a2-lr1e-3-b-000030/style/ghibi_alter,1040.421142578125,566.807373046875,355.2939453125
ddim-v1-5-pruned-emaonly-exp-1016-sd15-loha4a2-lr1e-3-b-000030/style/ukiyo_e,1727.6087646484375,1074.224609375,1267.3109130859375
ddim-v1-5-pruned-emaonly-exp-1016-sd15-loha4a2-lr1e-3-b-000030/style/impressionism,547.1361083984375,637.124267578125,444.33050537109375
ddim-v1-5-pruned-emaonly-exp-1016-sd15-loha4a2-lr1e-3-b-000030/style/vladimir_borovikovsky,868.603515625,621.9813232421875,1080.724609375
ddim-v1-5-pruned-emaonly-exp-1016-sd15-loha4a2-lr1e-3-b-000030/style/pencil_drawing,262.4466857910156,282.3139953613281,203.9130859375
ddim-v1-5-pruned-emaonly-exp-1016-sd15-loha4a2-lr1e-3-b-000030/style/ghibi,1372.00830078125,1281.0643310546875,1579.336181640625
ddim-v1-5-pruned-emaonly-exp-1011-sd15-loha4a2-b/style/felix_vallotton_stroke,2475.349853515625,2753.8603515625,2473.05712890625
ddim-v1-5-pruned-emaonly-exp-1011-sd15-loha4a2-b/style/ghibi_alter,1456.0941162109375,762.2205200195312,393.2398681640625
ddim-v1-5-pruned-emaonly-exp-1011-sd15-loha4a2-b/style/ukiyo_e,1785.2650146484375,995.0126953125,984.8125
ddim-v1-5-pruned-emaonly-exp-1011-sd15-loha4a2-b/style/impressionism,665.0262451171875,689.2647705078125,667.0855712890625
ddim-v1-5-pruned-emaonly-exp-1011-sd15-loha4a2-b/style/vladimir_borovikovsky,1021.341552734375,678.127685546875,911.8045654296875
ddim-v1-5-pruned-emaonly-exp-1011-sd15-loha4a2-b/style/pencil_drawing,482.0176086425781,455.2861633300781,665.0677490234375
ddim-v1-5-pruned-emaonly-exp-1011-sd15-loha4a2-b/style/ghibi,1770.039794921875,1555.3798828125,3291.474853515625
ddim-v1-5-pruned-emaonly-exp-1006-sd15-lora8a4-lr1e-4-b-000010/style/felix_vallotton_stroke,1868.5255126953125,2435.72998046875,2446.216796875
ddim-v1-5-pruned-emaonly-exp-1006-sd15-lora8a4-lr1e-4-b-000010/style/ghibi_alter,1405.828125,729.4991455078125,797.6234130859375
ddim-v1-5-pruned-emaonly-exp-1006-sd15-lora8a4-lr1e-4-b-000010/style/ukiyo_e,1447.087646484375,911.833740234375,906.5140380859375
ddim-v1-5-pruned-emaonly-exp-1006-sd15-lora8a4-lr1e-4-b-000010/style/impressionism,547.5282592773438,417.9841613769531,325.9406433105469
ddim-v1-5-pruned-emaonly-exp-1006-sd15-lora8a4-lr1e-4-b-000010/style/vladimir_borovikovsky,889.1624755859375,593.45947265625,1102.3572998046875
ddim-v1-5-pruned-emaonly-exp-1006-sd15-lora8a4-lr1e-4-b-000010/style/pencil_drawing,343.88812255859375,315.20074462890625,218.14654541015625
ddim-v1-5-pruned-emaonly-exp-1006-sd15-lora8a4-lr1e-4-b-000010/style/ghibi,1293.109130859375,1107.743408203125,1649.48974609375
ddim-v1-5-pruned-emaonly-exp-1017-sd15-loha4a2-lr5e-3-b-000030/style/felix_vallotton_stroke,1443.9130859375,1904.236083984375,1692.686279296875
ddim-v1-5-pruned-emaonly-exp-1017-sd15-loha4a2-lr5e-3-b-000030/style/ghibi_alter,855.8355102539062,829.8399658203125,429.44976806640625
ddim-v1-5-pruned-emaonly-exp-1017-sd15-loha4a2-lr5e-3-b-000030/style/ukiyo_e,1185.524169921875,1051.840576171875,1200.6480712890625
ddim-v1-5-pruned-emaonly-exp-1017-sd15-loha4a2-lr5e-3-b-000030/style/impressionism,701.4029541015625,652.8180541992188,482.02459716796875
ddim-v1-5-pruned-emaonly-exp-1017-sd15-loha4a2-lr5e-3-b-000030/style/vladimir_borovikovsky,1561.0146484375,1464.002197265625,1662.0916748046875
ddim-v1-5-pruned-emaonly-exp-1017-sd15-loha4a2-lr5e-3-b-000030/style/pencil_drawing,485.138427734375,491.8001708984375,644.1243896484375
ddim-v1-5-pruned-emaonly-exp-1017-sd15-loha4a2-lr5e-3-b-000030/style/ghibi,1841.67822265625,1646.325439453125,2850.17529296875
ddim-v1-5-pruned-emaonly-exp-1012-sd15-loha16a8-b/style/felix_vallotton_stroke,1245.12841796875,1649.0185546875,1088.261962890625
ddim-v1-5-pruned-emaonly-exp-1012-sd15-loha16a8-b/style/ghibi_alter,893.623046875,513.2544555664062,321.7928771972656
ddim-v1-5-pruned-emaonly-exp-1012-sd15-loha16a8-b/style/ukiyo_e,2280.05810546875,1187.149658203125,1155.32568359375
ddim-v1-5-pruned-emaonly-exp-1012-sd15-loha16a8-b/style/impressionism,1077.6986083984375,1058.6591796875,1286.3363037109375
ddim-v1-5-pruned-emaonly-exp-1012-sd15-loha16a8-b/style/vladimir_borovikovsky,1572.966796875,1357.43603515625,1265.901123046875
ddim-v1-5-pruned-emaonly-exp-1012-sd15-loha16a8-b/style/pencil_drawing,1088.406982421875,674.2442626953125,841.9164428710938
ddim-v1-5-pruned-emaonly-exp-1012-sd15-loha16a8-b/style/ghibi,2017.392822265625,1206.315673828125,1085.0455322265625
ddim-v1-5-pruned-emaonly-exp-1026-sd15-lokrf8-lr1e-3-b/style/felix_vallotton_stroke,1384.3203125,2110.8701171875,1352.2432861328125
ddim-v1-5-pruned-emaonly-exp-1026-sd15-lokrf8-lr1e-3-b/style/ghibi_alter,852.5220947265625,528.763671875,323.0696105957031
ddim-v1-5-pruned-emaonly-exp-1026-sd15-lokrf8-lr1e-3-b/style/ukiyo_e,1274.8048095703125,959.431640625,764.521240234375
ddim-v1-5-pruned-emaonly-exp-1026-sd15-lokrf8-lr1e-3-b/style/impressionism,871.6893920898438,1074.3778076171875,1065.232666015625
ddim-v1-5-pruned-emaonly-exp-1026-sd15-lokrf8-lr1e-3-b/style/vladimir_borovikovsky,1251.707275390625,1213.65966796875,1035.9271240234375
ddim-v1-5-pruned-emaonly-exp-1026-sd15-lokrf8-lr1e-3-b/style/pencil_drawing,978.0477294921875,993.0440673828125,1056.428466796875
ddim-v1-5-pruned-emaonly-exp-1026-sd15-lokrf8-lr1e-3-b/style/ghibi,1594.14501953125,1316.3905029296875,1163.6689453125
ddim-v1-5-pruned-emaonly-exp-1013-sd15-loha16a1-b-000010/style/felix_vallotton_stroke,1624.439208984375,2528.580810546875,1685.3958740234375
ddim-v1-5-pruned-emaonly-exp-1013-sd15-loha16a1-b-000010/style/ghibi_alter,1524.913330078125,603.7442626953125,1270.2603759765625
ddim-v1-5-pruned-emaonly-exp-1013-sd15-loha16a1-b-000010/style/ukiyo_e,1826.367431640625,1139.7607421875,1127.390380859375
ddim-v1-5-pruned-emaonly-exp-1013-sd15-loha16a1-b-000010/style/impressionism,602.3148193359375,708.797119140625,664.2384033203125
ddim-v1-5-pruned-emaonly-exp-1013-sd15-loha16a1-b-000010/style/vladimir_borovikovsky,977.866455078125,687.0479125976562,1594.480712890625
ddim-v1-5-pruned-emaonly-exp-1013-sd15-loha16a1-b-000010/style/pencil_drawing,568.6702880859375,440.9565734863281,654.7675170898438
ddim-v1-5-pruned-emaonly-exp-1013-sd15-loha16a1-b-000010/style/ghibi,1628.98095703125,1097.812255859375,1296.0452880859375
ddim-v1-5-pruned-emaonly-exp-1023-sd15-lokrconf12-b-000030/style/felix_vallotton_stroke,989.8703002929688,1428.65185546875,1113.3153076171875
ddim-v1-5-pruned-emaonly-exp-1023-sd15-lokrconf12-b-000030/style/ghibi_alter,1713.61962890625,967.213623046875,447.05535888671875
ddim-v1-5-pruned-emaonly-exp-1023-sd15-lokrconf12-b-000030/style/ukiyo_e,2778.821533203125,2120.6513671875,2259.0263671875
ddim-v1-5-pruned-emaonly-exp-1023-sd15-lokrconf12-b-000030/style/impressionism,1318.392822265625,1161.24609375,651.279541015625
ddim-v1-5-pruned-emaonly-exp-1023-sd15-lokrconf12-b-000030/style/vladimir_borovikovsky,1685.229736328125,1621.6219482421875,1868.8179931640625
ddim-v1-5-pruned-emaonly-exp-1023-sd15-lokrconf12-b-000030/style/pencil_drawing,673.522705078125,686.4334716796875,771.0032958984375
ddim-v1-5-pruned-emaonly-exp-1023-sd15-lokrconf12-b-000030/style/ghibi,1854.66259765625,1408.1080322265625,2039.6199951171875
ddim-v1-5-pruned-emaonly-exp-1004-sd15-lora8a4-full-b-000030/style/felix_vallotton_stroke,1159.73583984375,2131.48876953125,1192.3914794921875
ddim-v1-5-pruned-emaonly-exp-1004-sd15-lora8a4-full-b-000030/style/ghibi_alter,1768.267822265625,849.1224365234375,640.697021484375
ddim-v1-5-pruned-emaonly-exp-1004-sd15-lora8a4-full-b-000030/style/ukiyo_e,2285.312255859375,1467.300537109375,1191.6087646484375
ddim-v1-5-pruned-emaonly-exp-1004-sd15-lora8a4-full-b-000030/style/impressionism,1372.9705810546875,964.4228515625,1103.121826171875
ddim-v1-5-pruned-emaonly-exp-1004-sd15-lora8a4-full-b-000030/style/vladimir_borovikovsky,865.8756103515625,783.0779418945312,731.3847045898438
ddim-v1-5-pruned-emaonly-exp-1004-sd15-lora8a4-full-b-000030/style/pencil_drawing,1235.4549560546875,1015.453125,1088.74462890625
ddim-v1-5-pruned-emaonly-exp-1004-sd15-lora8a4-full-b-000030/style/ghibi,2147.3408203125,1774.7264404296875,1878.561279296875
ddim-v1-5-pruned-emaonly-exp-1024-sd15-lokr8-full-b/style/felix_vallotton_stroke,1569.2216796875,2156.1171875,1255.6121826171875
ddim-v1-5-pruned-emaonly-exp-1024-sd15-lokr8-full-b/style/ghibi_alter,1304.36767578125,880.1700439453125,805.0355834960938
ddim-v1-5-pruned-emaonly-exp-1024-sd15-lokr8-full-b/style/ukiyo_e,1960.289306640625,1368.30859375,1253.388916015625
ddim-v1-5-pruned-emaonly-exp-1024-sd15-lokr8-full-b/style/impressionism,2364.189453125,2515.44384765625,3319.784912109375
ddim-v1-5-pruned-emaonly-exp-1024-sd15-lokr8-full-b/style/vladimir_borovikovsky,2618.21923828125,2155.50048828125,2012.8094482421875
ddim-v1-5-pruned-emaonly-exp-1024-sd15-lokr8-full-b/style/pencil_drawing,2039.04248046875,2022.3360595703125,2027.7022705078125
ddim-v1-5-pruned-emaonly-exp-1024-sd15-lokr8-full-b/style/ghibi,2225.137451171875,1535.6346435546875,1717.432861328125
ddim-v1-5-pruned-emaonly-exp-1001-sd15-lora8a4-b-000030/style/felix_vallotton_stroke,1198.768798828125,1536.38232421875,994.3568115234375
ddim-v1-5-pruned-emaonly-exp-1001-sd15-lora8a4-b-000030/style/ghibi_alter,952.2027587890625,393.222412109375,338.7962646484375
ddim-v1-5-pruned-emaonly-exp-1001-sd15-lora8a4-b-000030/style/ukiyo_e,1936.7998046875,1125.3367919921875,1351.831298828125
ddim-v1-5-pruned-emaonly-exp-1001-sd15-lora8a4-b-000030/style/impressionism,786.6739501953125,505.68572998046875,589.8052368164062
ddim-v1-5-pruned-emaonly-exp-1001-sd15-lora8a4-b-000030/style/vladimir_borovikovsky,1391.191650390625,844.94189453125,1917.46240234375
ddim-v1-5-pruned-emaonly-exp-1001-sd15-lora8a4-b-000030/style/pencil_drawing,558.968017578125,367.8288269042969,578.1463012695312
ddim-v1-5-pruned-emaonly-exp-1001-sd15-lora8a4-b-000030/style/ghibi,2686.951904296875,1426.10693359375,2128.903076171875
ddim-v1-5-pruned-emaonly-exp-1024-sd15-lokr8-full-b-000010/style/felix_vallotton_stroke,1539.110107421875,2057.152099609375,1207.583984375
ddim-v1-5-pruned-emaonly-exp-1024-sd15-lokr8-full-b-000010/style/ghibi_alter,1920.335205078125,916.7156982421875,735.4852294921875
ddim-v1-5-pruned-emaonly-exp-1024-sd15-lokr8-full-b-000010/style/ukiyo_e,2289.1572265625,1751.055419921875,2300.851318359375
ddim-v1-5-pruned-emaonly-exp-1024-sd15-lokr8-full-b-000010/style/impressionism,1255.309814453125,1923.1630859375,1716.8253173828125
ddim-v1-5-pruned-emaonly-exp-1024-sd15-lokr8-full-b-000010/style/vladimir_borovikovsky,2341.06591796875,2116.566650390625,2080.281005859375
ddim-v1-5-pruned-emaonly-exp-1024-sd15-lokr8-full-b-000010/style/pencil_drawing,1772.44580078125,1477.4500732421875,2022.45654296875
ddim-v1-5-pruned-emaonly-exp-1024-sd15-lokr8-full-b-000010/style/ghibi,2084.7275390625,1591.7926025390625,2091.9970703125
ddim-v1-5-pruned-emaonly-exp-1014-sd15-loha4a2-full-b/style/felix_vallotton_stroke,1896.0172119140625,2142.58056640625,1732.4263916015625
ddim-v1-5-pruned-emaonly-exp-1014-sd15-loha4a2-full-b/style/ghibi_alter,2043.7880859375,941.4223022460938,906.4830322265625
ddim-v1-5-pruned-emaonly-exp-1014-sd15-loha4a2-full-b/style/ukiyo_e,1674.9404296875,1184.7359619140625,1224.8538818359375
ddim-v1-5-pruned-emaonly-exp-1014-sd15-loha4a2-full-b/style/impressionism,578.6673583984375,785.7158203125,870.0938720703125
ddim-v1-5-pruned-emaonly-exp-1014-sd15-loha4a2-full-b/style/vladimir_borovikovsky,1270.144775390625,824.5037841796875,1406.1826171875
ddim-v1-5-pruned-emaonly-exp-1014-sd15-loha4a2-full-b/style/pencil_drawing,985.5491333007812,871.7811279296875,1628.66748046875
ddim-v1-5-pruned-emaonly-exp-1014-sd15-loha4a2-full-b/style/ghibi,1532.9444580078125,1766.7061767578125,956.2882080078125
ddim-v1-5-pruned-emaonly-exp-1007-sd15-lora8a4-lr5e-5-b-000030/style/felix_vallotton_stroke,1634.1441650390625,2473.14892578125,1886.3173828125
ddim-v1-5-pruned-emaonly-exp-1007-sd15-lora8a4-lr5e-5-b-000030/style/ghibi_alter,1823.1656494140625,807.66162109375,851.37158203125
ddim-v1-5-pruned-emaonly-exp-1007-sd15-lora8a4-lr5e-5-b-000030/style/ukiyo_e,1770.0546875,1161.4954833984375,1416.330810546875
ddim-v1-5-pruned-emaonly-exp-1007-sd15-lora8a4-lr5e-5-b-000030/style/impressionism,606.5408935546875,517.811279296875,507.1285095214844
ddim-v1-5-pruned-emaonly-exp-1007-sd15-lora8a4-lr5e-5-b-000030/style/vladimir_borovikovsky,1391.7862548828125,810.0185546875,1988.6826171875
ddim-v1-5-pruned-emaonly-exp-1007-sd15-lora8a4-lr5e-5-b-000030/style/pencil_drawing,437.4475402832031,435.67181396484375,407.23907470703125
ddim-v1-5-pruned-emaonly-exp-1007-sd15-lora8a4-lr5e-5-b-000030/style/ghibi,1893.1036376953125,1395.02099609375,8323.369140625
ddim-v1-5-pruned-emaonly-exp-1027-sd15-lokrf8-lr5e-3-b-000030/style/felix_vallotton_stroke,819.3948974609375,1293.912353515625,1075.75439453125
ddim-v1-5-pruned-emaonly-exp-1027-sd15-lokrf8-lr5e-3-b-000030/style/ghibi_alter,1236.6185302734375,1108.792236328125,773.95458984375
ddim-v1-5-pruned-emaonly-exp-1027-sd15-lokrf8-lr5e-3-b-000030/style/ukiyo_e,899.1031494140625,840.533447265625,746.737060546875
ddim-v1-5-pruned-emaonly-exp-1027-sd15-lokrf8-lr5e-3-b-000030/style/impressionism,512.1356811523438,435.63641357421875,494.10211181640625
ddim-v1-5-pruned-emaonly-exp-1027-sd15-lokrf8-lr5e-3-b-000030/style/vladimir_borovikovsky,402.00177001953125,381.8801574707031,360.77154541015625
ddim-v1-5-pruned-emaonly-exp-1027-sd15-lokrf8-lr5e-3-b-000030/style/pencil_drawing,652.479736328125,537.9678955078125,516.2200927734375
ddim-v1-5-pruned-emaonly-exp-1027-sd15-lokrf8-lr5e-3-b-000030/style/ghibi,1333.970703125,1336.5732421875,1362.255126953125
