Folder,FD (convnextv2-l),FD (clip-L-14),FD (convnextv2-l-padding),FD (clip-L-14-padding),FD (dinov2-l-fb-padding),FD (dinov2-l-fb),FD (dinov2-l-padding),FD (dinov2-l)
exp-1101-sd15-nt-b-000010,86.62625977404127,90.03127145256747,98.63253044443012,97.0378194170708,382.478771206916,374.0874504529861,,
exp-1101-sd15-nt-c,108.59515096181347,103.54748533038048,116.29345414959198,107.2520711460882,429.43466428503416,430.20513517168456,,
exp-1102-sd15-nt-Prodigy-a-000010,103.61550835010188,99.66204603098151,110.9503518672234,104.02562091531723,387.9210011142986,384.9904841493817,,
exp-1102-sd15-nt-Prodigy-c,62.06624546169928,74.475352276526,74.52222152064155,80.44521803666271,242.23432364063137,236.82650247029733,,
exp-1102-sd15-nt-Prodigy-a-000030,70.45439805458159,80.19455760137782,83.23638286876121,85.83363471642735,274.6781149859112,271.1747895271633,,
exp-1102-sd15-nt-Prodigy-b-000010,86.54524927240368,92.0911153369758,102.37683470528668,97.60250850512358,361.5650066808216,353.0630207385084,,
exp-1102-sd15-nt-Prodigy-a,57.84344075768149,73.32923149655664,70.89991812343123,79.06555862184518,233.08503954938897,226.79429675862912,,
exp-1101-sd15-nt-a,106.63215970968464,102.02886903967686,112.79484943312424,106.11075459982924,426.9804030862092,427.7592374328456,,
exp-1101-sd15-nt-b-000030,84.25621724967232,88.20643547641555,94.24432549634412,93.2197954081459,352.5651320347433,350.7116762118362,,
exp-1101-sd15-nt-a-000030,84.8545068591909,88.50700503239352,92.8619868496528,93.47665974977065,348.21769298066783,347.39178141395723,,
exp-1102-sd15-nt-Prodigy-b-000030,71.9945281457749,81.08679735750002,84.40946531161535,86.29598192208266,283.0463386923234,279.25542928917866,,
exp-1101-sd15-nt-b,108.20232945362407,103.2408089199012,114.7652477071888,107.00969883231473,424.4339254444767,424.0091747197921,,
exp-1102-sd15-nt-Prodigy-b,59.87575448586972,73.28027920237446,72.48556825395804,79.07628300644251,232.5802233234536,228.8343386659604,,
exp-1101-sd15-nt-a-000010,89.54391576852163,89.59487902312344,99.86841507705616,96.54432084292272,388.3547518523201,376.3274449155683,,
exp-1102-sd15-nt-Prodigy-c-000010,86.1872550433568,89.97708237339555,98.49379794462698,94.863732353513,343.8971662754366,343.431900730915,,
exp-1101-sd15-nt-c-000010,90.46533462257288,90.34850041249126,103.92774338544972,97.8757526130857,393.0577661191524,376.42927877010015,,
exp-1101-sd15-nt-c-000030,84.25621724967232,88.20643513746575,94.24432549634412,93.21979504850115,352.5651320347433,350.7116762118362,,
exp-1102-sd15-nt-Prodigy-c-000030,70.45439805458159,80.19455759242123,83.23638286876121,85.83362698995097,274.6781149859112,271.1747895271633,,
v15-exp-1022-sd15-lokrf8dinf-c-000010,103.76910483268148,93.496450244799,117.0800668754116,101.47087030099834,453.6533287637426,441.06366935763936,450.2863543118879,451.68693117093153
v15-exp-1026-sd15-lokrattnonlyf8d8a4-b-000010,143.2857056928408,131.0420906714941,156.7476383213093,138.7136281022099,719.4808609312895,702.5500489818705,720.3368269496273,711.4527236109275
v15-exp-1022-sd15-lokrf8dinf-c,95.85552143241284,95.55908000168182,108.97165644177062,104.09056524583303,451.69893859514514,437.380469369024,460.5146806290145,460.0991705491956
v15-exp-1006-sd15-lora8a4-scalar-c-000010,92.98660637851548,91.45454750695863,104.99352575961028,98.45852715438332,414.48883868047824,403.5546212253457,414.48287622111184,414.872173685083
v15-exp-1023-sd15-lokrfm1d8-b,114.23679919828248,107.97695424746792,129.0057063587443,116.21235190988916,582.4109153825516,561.4574698630063,574.6750787162123,570.5445811693126
v15-exp-1025-sd15-lokrconf8d8a4-a-000010,111.0253198384022,107.99212017042964,123.24961413988184,116.38696647829084,543.4784939225597,530.6762143559386,533.7577421242081,533.6425143273668
v15-exp-1012-sd15-loha16a8-a-000010,85.61845481923501,90.46742841284367,100.63800842947056,96.36013686303176,397.0789908268189,380.5962240506647,400.5032107098609,400.8232253179831
v15-exp-1003-sd15-lora32a1-a-000030,82.320996152313,86.09937521471443,93.02845841326712,92.03281453565933,346.44010399503395,340.32994892495753,385.3070512276304,385.3795940717091
v15-exp-1004-sd15-locon8a4-a-000010,93.63138244237008,90.01274120244352,106.4539857380048,96.23816111864907,377.34722725655,369.8117551701357,394.4139371259571,399.14177705578686
v15-exp-1017-sd15-loha4a2-Prodigy-c-000030,227.97754800473209,197.47839041299352,235.09619805121883,203.03191766015595,1109.8885221899518,1101.2391954766897,1133.5464230492466,1126.2375647082677
v15-exp-1024-sd15-lokrf12d8-c,106.71837309776618,102.21971636574824,124.20350780349328,110.536115830514,528.3958510318857,509.33672548230015,523.5229044808116,519.9223177503472
v15-exp-1006-sd15-lora8a4-scalar-b-000030,79.2116488115671,83.45216031811424,90.30059015343818,89.83035054053641,343.3155235421764,334.6367498171485,370.18409796465767,372.841266011154
v15-exp-1013-sd15-loha16a1-c,82.726617553923,86.52039933887738,96.12088907068392,92.98350232146618,355.42638902064937,347.7537432494082,398.5168322653858,398.399339288017
v15-exp-1017-sd15-loha4a2-Prodigy-a-000010,150.90264314090803,137.00063022062335,163.4202688260201,144.3018269603872,735.0367590243636,724.7510517326432,744.0683396990166,741.4111513137973
v15-exp-1028-sd15-lokrf8d8a4-Prodigy-b-000030,151.6425898161698,148.61594752550835,167.42789434282008,155.5916787389408,811.5824002222466,791.785395233178,809.8866317155348,799.8100355688366
v15-exp-1014-sd15-lohacon4a2-a-000030,85.38096656061884,87.5357466096824,100.02284708682714,94.37431651564476,366.32693977298095,354.1907616699882,382.168973539417,384.989440203547
v15-exp-1007-sd15-lora8a4-Prodigy-b-000010,104.43126909961234,103.6895970648432,118.14493203352548,110.41421034930192,492.0211595135488,480.7869298078167,508.5241621356272,503.137202814939
v15-exp-1013-sd15-loha16a1-b-000010,91.1089224946304,89.42882373590203,104.67560957355,96.0441485175827,403.2651752467291,385.647058701788,402.7507060374383,403.3663455390142
v15-exp-1015-sd15-lohaatnonly4a2-c,97.02939002268238,92.54284547556904,111.64307086889698,100.0585626516728,418.007930793136,404.4623711746208,429.1143772098603,429.0903623427316
v15-exp-1005-sd15-loraattnonly8a4-c-000010,98.16318158384912,94.71881760969234,109.10967224941533,101.30377654221144,436.5235475059517,428.1731170118183,451.7562507314288,451.0191579372686
v15-exp-1004-sd15-locon8a4-a-000030,88.71500789504898,89.64195736311399,98.65902049630633,95.13779785678872,360.8073368853848,356.2996708123246,411.355572300909,411.6895752281234
v15-exp-1004-sd15-locon8a4-c-000010,89.27482493995899,89.09398462423917,101.682019694136,95.10832374401446,392.637181747456,382.1624031192646,405.5197990686052,407.6320339202157
v15-exp-1016-sd15-loha4a2-scalar-b,87.42361586364495,87.4712051377694,101.67437789715292,93.83943061597893,377.2913106363399,365.0610830938972,401.16178369607087,399.971624487539
v15-exp-1004-sd15-locon8a4-c-000030,82.46745979211983,87.09727482903679,92.08530204065688,91.8594149711509,352.7368003299748,349.18583253428824,413.5249574365757,411.0301657209707
v15-exp-1025-sd15-lokrconf8d8a4-b-000030,99.65077611245717,97.32354464603976,113.9897564221286,105.5074526011286,468.5951738812069,452.4418267646033,463.2406807554148,459.7123106139361
v15-exp-1005-sd15-loraattnonly8a4-a,88.45815638779936,87.8148038134317,99.22773676261818,94.02765396636948,381.9331782263039,372.6564113163827,403.5787121698222,408.6942433852955
v15-exp-1001-sd15-lora8a4-b,84.55818756513122,86.28802754843741,95.06718860321872,91.75897323088986,352.8157629445591,350.8761281173206,395.8649913632016,400.18642642723626
v15-exp-1026-sd15-lokrattnonlyf8d8a4-c-000030,122.42851739396326,111.22592781196472,135.58721542280898,119.74432107684316,605.6389288699265,588.2306816100308,610.376804825557,606.1483866040194
v15-exp-1011-sd15-loha4a2-c,87.66191191026701,85.94461295356246,100.7117499806327,92.39031583663903,365.3166340387452,356.2460671923254,391.4702600031751,392.4365856741933
v15-exp-1016-sd15-loha4a2-scalar-b-000010,102.3270384516909,100.77794058841728,115.33343133623907,108.67796030734058,481.7400923468927,469.0526132466189,477.6284230557153,476.1178031191048
v15-exp-1017-sd15-loha4a2-Prodigy-b-000030,229.7116478855748,197.68256181741265,236.49092353575327,203.24687461619504,1113.120023877826,1103.5297912662968,1134.9363334481786,1127.3968576129737
v15-exp-1028-sd15-lokrf8d8a4-Prodigy-a,167.5224511583492,151.73616187922994,182.2821739043553,158.2887759043993,856.6299730788132,839.6659613232769,857.6960337420037,852.9136176144266
v15-exp-1013-sd15-loha16a1-a,82.27429674924247,85.52784941664049,94.55332594313654,91.43263076987348,350.04660037943086,343.3826662533934,387.8837797393508,390.60909682526017
v15-exp-1022-sd15-lokrf8dinf-b-000030,100.45879719257846,93.72783074795292,113.91334640416368,99.89566130045807,450.26640782470895,437.5063874731977,449.5874521425189,452.2039862196789
v15-exp-1001-sd15-lora8a4-a-000030,84.42189748013493,86.60259070752579,95.1815423215885,92.0307614394,363.6473345348154,358.19626617185986,399.696690699473,400.9194186828345
v15-exp-1003-sd15-lora32a1-c-000030,86.24638035288422,87.20198037200714,98.15502872475032,93.00925576309822,361.9277327985824,349.9686411733637,400.1850166377908,400.1173276915752
v15-exp-1024-sd15-lokrf12d8-c-000010,120.63472288860464,109.65069825642983,136.15854834305458,117.75517842525504,610.6610528850774,595.0909801232024,603.6630361261582,598.7101739235245
v15-exp-1002-sd15-lora32a16-b-000010,88.1829250667181,87.52748560587793,100.89452164645036,94.55245074356692,376.020474874083,364.4531207983168,386.9628956997258,391.2138500115766
v15-exp-1025-sd15-lokrconf8d8a4-c-000030,102.54771435705436,97.20098235126932,116.16412160069969,103.96044020383609,472.6095556601922,464.00156885569504,475.8704766536912,477.0547386799335
v15-exp-1026-sd15-lokrattnonlyf8d8a4-b,119.45927640185892,116.0079076733847,130.2510753473,124.53256764151725,613.0756360176592,595.5891747341557,620.9536462087026,612.6231929250202
v15-exp-1023-sd15-lokrfm1d8-a,125.64110093723411,109.25714446971624,139.94421844929434,116.79318992466744,601.2679518763362,577.7230982476672,595.9333479476641,590.7087182923133
v15-exp-1007-sd15-lora8a4-Prodigy-a,110.0092225545817,99.46064662310204,124.35126972995567,105.86512231129802,456.8491715969176,452.238132648371,469.0194845279775,465.5093274714272
v15-exp-1022-sd15-lokrf8dinf-b-000010,98.68659795747294,96.00906568390452,111.38398438501213,102.38106841238896,460.6052142559993,446.04704867582313,460.68844475209926,462.0958194969489
v15-exp-1021-sd15-lokrf8d8a4-c-000010,112.48439609734568,106.34993667347618,125.28839365147236,114.0264690236702,551.7210165115807,537.0274064192549,543.956937593483,540.4322217239937
v15-exp-1023-sd15-lokrfm1d8-c-000010,117.1924325497822,117.12743652893266,134.0374335248299,125.05221370546816,624.2998435906952,609.9905167502875,614.7892650990852,605.8060618556797
v15-exp-1015-sd15-lohaatnonly4a2-c-000010,105.8564861543382,102.42006466435367,121.22866415117517,110.70295318196077,509.45850431215285,492.23773880210274,502.8854906270799,502.8031004660616
v15-exp-1015-sd15-lohaatnonly4a2-b-000010,113.17468434461011,102.29132460352486,127.06056875095668,109.88931679356614,529.4411084019057,517.3556303149335,533.3005283265747,531.0414594591334
v15-exp-1005-sd15-loraattnonly8a4-c-000030,87.14759353426189,88.44181681748057,97.86266064820391,94.7121411852426,382.5957508881538,373.0694908179662,394.1936911148978,395.56289406013775
v15-exp-1027-sd15-lokrf8d8a4-scalar-c-000030,98.58995764216536,98.36130897408624,113.36474982454558,106.03791144347656,480.0127153613048,470.0720172254405,484.25193285210753,482.51277710376735
v15-exp-1016-sd15-loha4a2-scalar-a-000010,101.59781183099756,99.5961952255908,116.68601176432924,107.28388137121374,488.8123973031738,471.8979974945673,477.3144769334667,474.05642495239726
v15-exp-1014-sd15-lohacon4a2-b,88.9933780783715,89.44559920580434,101.27752719725254,95.48083986420228,375.4106533455847,370.2496387896472,412.3766567383768,413.0799880891291
v15-exp-1015-sd15-lohaatnonly4a2-b-000030,95.84803461848264,92.929533952018,109.99527791362108,100.80255951050464,431.6315362192254,419.28249729227673,440.7232324473789,442.430758319832
v15-exp-1025-sd15-lokrconf8d8a4-a-000030,101.80571003113904,98.35649955284742,112.41209029901928,106.13673380813869,480.2265027882022,469.31123526526426,483.16041777175496,481.6453981055206
v15-exp-1014-sd15-lohacon4a2-a,90.53088687736,89.91608086716212,102.45241129655142,96.00400967517233,386.9347157389443,383.0321746770087,426.7951517957536,428.106893710275
v15-exp-1026-sd15-lokrattnonlyf8d8a4-c,111.12254962331168,107.30597639660004,128.45613241540184,115.9708759766828,566.8936817412832,544.9115737848565,570.8243949182056,562.8706176672636
v15-exp-1011-sd15-loha4a2-b-000030,94.12358872716732,86.84019709740312,106.545705725463,94.01419512609544,388.0402794471747,379.1383333869781,407.05139329641815,409.7852118624151
v15-exp-1027-sd15-lokrf8d8a4-scalar-b-000030,99.82310445812038,97.75435833178416,115.00062247063796,105.94245355418305,459.559450691012,450.70402351974417,464.0241442355596,459.9865125849956
v15-exp-1023-sd15-lokrfm1d8-b-000030,112.68019402932168,108.0989943444788,125.8577787663986,115.19386076908133,576.62900550425,561.3810383764685,577.948886507721,578.3380328020453
v15-exp-1023-sd15-lokrfm1d8-c,111.87379433946865,109.03714941090374,128.19650055211832,117.21406902709867,558.6333266896763,538.4906089789451,550.5401873940841,548.6279937336558
v15-exp-1027-sd15-lokrf8d8a4-scalar-a-000030,100.90440031735056,95.6236293239167,115.18435390592242,103.59475550972462,489.8611272303042,474.6056809026954,490.82151388044485,489.7963930509636
v15-exp-1015-sd15-lohaatnonly4a2-c-000030,96.01986508894504,94.3898798176964,112.30608912933384,101.86587809180492,424.8452144081998,414.138412644023,436.3248654406252,436.0430928497353
v15-exp-1005-sd15-loraattnonly8a4-c,88.34421838703065,87.73385081637161,100.26322477801092,94.38294872300912,368.0039739874824,360.42292433450575,390.4594290490368,389.3924900198013
v15-exp-1026-sd15-lokrattnonlyf8d8a4-c-000010,143.11786383468086,130.03235087503265,156.69489808838466,137.88837231977027,712.0649857897392,700.1658246284533,708.3224062951926,701.2284711780626
v15-exp-1013-sd15-loha16a1-a-000010,88.82420971481565,91.95346296087509,102.47004816346656,97.90832109612997,398.9347430119183,383.5586312525811,402.0329283052711,402.6636083373073
v15-exp-1028-sd15-lokrf8d8a4-Prodigy-b,153.49273526752006,147.13913007218116,168.27998954203736,154.59011950078553,818.086583769853,797.1327813545536,807.702109832403,801.9956130074384
v15-exp-1026-sd15-lokrattnonlyf8d8a4-b-000030,128.27192408056294,116.06097803659736,141.16104615885217,124.93347863219032,642.1563792368943,622.4968222070097,641.9670862325984,633.5762305271455
v15-exp-1025-sd15-lokrconf8d8a4-c,99.55489365135496,95.89680791739772,115.16008475176852,103.65324441825334,457.9997932352321,444.6513699331963,461.7712738889086,461.5409647588117
v15-exp-1024-sd15-lokrf12d8-c-000030,109.71857375179786,100.12626784277842,129.471471867564,108.434558625249,548.0639900581332,525.6006935427372,535.3694308710792,529.6602801917265
v15-exp-1027-sd15-lokrf8d8a4-scalar-a,95.54855934645002,94.94805125556468,110.01776882571004,103.17202663324042,476.5910044939105,460.7467156131265,486.4732337811338,484.5951983769355
v15-exp-1005-sd15-loraattnonly8a4-b,88.38162165638232,89.04924098030949,99.4970223950063,95.57102299041937,393.4303350021824,384.9883403100862,427.5427868571569,426.07825492920347
v15-exp-1007-sd15-lora8a4-Prodigy-c,121.43354822198457,105.58444513808428,134.3519002118577,112.4491797497788,511.62855722539416,503.2799074605273,519.2416193303352,519.3321354821474
v15-exp-1021-sd15-lokrf8d8a4-b,102.68705374149944,94.33209315886734,117.55134824223296,102.12520844644598,464.3112716471296,448.76244996081687,466.7520980239879,464.71279776262463
v15-exp-1016-sd15-loha4a2-scalar-a,85.84299037516962,87.83619551702259,97.62222251316577,94.48090876266878,372.5864921774332,362.4099572103887,398.601318407917,399.04416653406497
v15-exp-1026-sd15-lokrattnonlyf8d8a4-a-000030,117.9743517185924,110.96995065997726,132.054247578228,119.02165989644676,584.2752448323454,571.4044764178225,587.8315637164378,583.5839488918687
v15-exp-1023-sd15-lokrfm1d8-c-000030,110.81971246100544,105.97667798886022,128.73692882237424,113.87298576256524,543.9080154406288,529.569932963062,535.6035508787422,530.0822310859876
v15-exp-1013-sd15-loha16a1-a-000030,80.95128957495308,84.78543719198342,93.47010181714744,90.83629288288488,341.69888745351227,333.35263274813497,362.2209436065009,364.94441159419057
v15-exp-1014-sd15-lohacon4a2-c,87.50333685442001,88.80134899007317,101.07890008461608,95.1224016811313,370.45979682041707,359.083791281304,396.1572279729549,394.85339715062855
v15-exp-1016-sd15-loha4a2-scalar-c,87.77530135795496,87.1936724644329,100.89017412276166,93.71296365473302,376.5088499960998,365.5246704073761,403.04981513288976,400.7058719218912
v15-exp-1017-sd15-loha4a2-Prodigy-c-000010,149.36377356988203,132.5108902473355,163.1529189571869,138.44375575512458,708.2579033002007,693.4769405667653,701.7562026243177,692.316894602131
v15-exp-1028-sd15-lokrf8d8a4-Prodigy-c,186.79183514666067,164.33415030724274,201.6495669391859,169.7680786113142,901.3584361982024,885.3502644283349,920.8969600257932,908.5629403282128
v15-exp-1011-sd15-loha4a2-c-000010,93.9448881376801,91.09263772467784,108.449978033373,97.83644805053262,425.53168119463,411.2047765547777,423.14912213792377,422.21480008312847
v15-exp-1014-sd15-lohacon4a2-b-000030,87.60907551938885,88.4265264275349,99.3050890613058,94.59275147468782,375.75894481803607,369.6386758245694,400.537507002538,403.0417519057482
v15-exp-1028-sd15-lokrf8d8a4-Prodigy-c-000010,150.46418354103776,133.92013461627118,165.52552643967022,140.6097274058685,727.6653739990661,718.2851924589577,741.6624622777699,739.3077716452303
v15-exp-1012-sd15-loha16a8-a-000030,79.93987541512047,85.15800963677339,92.36112824165592,90.92464957922311,338.6579740032157,329.6936762099717,369.05674927127166,371.1204740734879
v15-exp-1006-sd15-lora8a4-scalar-b,86.78568049316209,86.74527410543863,98.28553039302824,92.2190771397099,360.20086751226427,356.01969183299525,405.0945406639612,406.0164990995645
v15-exp-1027-sd15-lokrf8d8a4-scalar-c-000010,130.72606854791718,116.95818366911315,142.81864843033918,124.79736304518455,631.3293831823325,619.9910139224471,623.5022824306475,621.4881987330805
v15-exp-1003-sd15-lora32a1-c,85.15209345546532,87.4801439678439,98.11642442664127,93.53300140822672,358.7846165472047,352.9647598964766,414.77626655385257,414.1900020450344
v15-exp-1001-sd15-lora8a4-a-000010,93.08142528655615,89.04696827933844,103.73744075231434,95.864375486786,400.0936812351847,390.7983236522941,419.7724023480855,422.5862146916256
v15-exp-1017-sd15-loha4a2-Prodigy-a,228.9481170344594,197.64585485515147,235.8203764960772,203.0876445633968,1110.35925299983,1101.2451498266637,1133.037168451241,1125.9060409302674
v15-exp-1002-sd15-lora32a16-b,85.73618833208457,90.08151018320564,95.03345534255072,95.2571728166144,372.0964993235775,367.39907969801743,430.7053292162209,431.0188637567853
v15-exp-1022-sd15-lokrf8dinf-a-000030,99.92334914064033,94.04862082025636,112.3772342422908,101.79019461181925,455.1333639805771,440.4191142424356,456.0488556448013,453.11795574079497
v15-exp-1015-sd15-lohaatnonly4a2-a-000030,93.20322753777737,93.3416107357192,109.02962228945536,101.02081817073577,431.9965476170423,418.8077454609961,439.2975632100092,440.3133843475821
v15-exp-1021-sd15-lokrf8d8a4-b-000010,115.83818385868256,101.69062169379085,129.6769512278729,109.77695160975144,539.9425606294803,523.2550912854576,522.9700688062048,518.5303235321721
v15-exp-1006-sd15-lora8a4-scalar-a-000010,99.81986584271976,95.41632892190398,109.49276310017832,102.68894933254404,440.4540135676343,431.8374293561651,443.63015612316303,449.8488755391581
v15-exp-1012-sd15-loha16a8-a,79.08070946765974,85.82448006713514,92.14068866442904,92.43994894158747,348.5058510426611,339.18289721450856,385.8518078995935,387.1381406988367
v15-exp-1007-sd15-lora8a4-Prodigy-b,107.22507772625158,99.59067072741504,120.65171508224456,107.1995428546972,460.95678905075374,447.03126251191,477.5881669729356,479.45084233268017
v15-exp-1007-sd15-lora8a4-Prodigy-a-000010,111.19132131868172,105.37721835447564,125.42696099125862,111.6651095924583,491.3753623723983,479.4082058614731,498.2676841353823,496.8004123472479
v15-exp-1014-sd15-lohacon4a2-b-000010,95.6790824015086,92.81941253009576,108.10935977551615,100.19934908096911,404.5223853766124,396.1706470602685,402.4772840413625,406.09656958855976
v15-exp-1025-sd15-lokrconf8d8a4-c-000010,108.82241040590168,105.26562635343744,124.2532444183397,112.97437334084124,548.282901426951,535.0050067335314,530.0247061545538,527.5550115539927
v15-exp-1028-sd15-lokrf8d8a4-Prodigy-c-000030,163.00799093001137,150.17718947568625,180.38068306154105,158.58737615986104,833.1153809828133,802.4198993629584,835.0166362754276,827.4901585332909
v15-exp-1012-sd15-loha16a8-c,83.72690016312868,88.51540342880674,97.26619505807412,94.97875406767616,357.1829387890839,351.3339881986767,553.5707968594006,556.7897254566597
v15-exp-1021-sd15-lokrf8d8a4-a,102.00541955798268,97.06582034986276,115.02892573142036,105.17754968424909,482.7282703312376,469.739872689906,,
v15-exp-1022-sd15-lokrf8dinf-a-000010,100.62181780804984,98.5072641213493,109.88033431107613,106.09465782637444,461.3436376732639,453.44812724860185,,
v15-exp-1002-sd15-lora32a16-c-000010,88.37067441467798,85.93132582992735,98.02289826788274,92.47391014022276,364.78203799769744,358.9341421215886,,
v15-exp-1015-sd15-lohaatnonly4a2-a,96.17130479644425,91.90560760017,110.83101666263224,99.49399343960124,427.77038525697935,412.7006107458092,,
v15-exp-1012-sd15-loha16a8-b-000010,89.90581290988894,88.83697457558219,102.81803312312012,95.9199656116382,394.21962980926537,376.8133299063752,,
v15-exp-1007-sd15-lora8a4-Prodigy-c-000030,115.22605425677192,99.303307462767,126.939230194507,107.4468650169079,491.38828542133206,475.2977452354744,,
v15-exp-1003-sd15-lora32a1-b,84.05503458626436,85.75980679011639,92.0580268458482,91.45630588148543,352.8147170788907,350.25140072034765,,
v15-exp-1012-sd15-loha16a8-b-000030,83.45967031472514,84.35257112988961,98.10078089859576,91.27741957297953,344.93627726586874,331.9660937709086,,
v15-exp-1021-sd15-lokrf8d8a4-b-000030,102.00815781168228,94.81227269967826,118.71566248815714,103.2878412479223,475.3969553272409,456.2345946669393,,
v15-exp-1015-sd15-lohaatnonly4a2-b,89.66695703876428,91.5257117864902,103.06691715489023,98.94986559811946,426.6335074895383,413.781053072903,,
v15-exp-1011-sd15-loha4a2-c-000030,86.08643912466505,86.48501292744254,101.18093219453056,92.68488593849878,371.42566564752906,361.5344815218232,,
v15-exp-1003-sd15-lora32a1-b-000030,83.721682761191,86.4131552822056,92.99925127450274,92.10334174511144,346.49543839854005,344.5269176927686,,
v15-exp-1007-sd15-lora8a4-Prodigy-b-000030,116.93657878274928,102.34312365690327,127.82089753027992,109.1397020810449,499.0434582223797,483.0851896634717,,
v15-exp-1023-sd15-lokrfm1d8-b-000010,134.6108438091601,120.99419600533751,149.7359491522168,128.4854673060605,680.7305609777391,665.7457868165839,,
v15-exp-1022-sd15-lokrf8dinf-c-000030,102.78713991004884,95.4076891266701,119.7573252247446,103.07337046338716,482.4990489366364,460.9308346555968,,
v15-exp-1026-sd15-lokrattnonlyf8d8a4-a,120.16989351182563,109.95214575335244,134.19989066196206,117.9269094216216,578.8536727873502,564.1898569202522,,
v15-exp-1006-sd15-lora8a4-scalar-c-000030,84.90720515864541,86.12571827953184,96.15712235960176,92.31240921785212,353.7326708674841,345.7248558949982,,
v15-exp-1001-sd15-lora8a4-c-000030,85.475782395529,86.40225717368412,97.25643773093384,92.0371965011941,352.83307945433216,345.96834474897105,,
v15-exp-1016-sd15-loha4a2-scalar-c-000010,102.27041005381454,98.72062446925702,115.11033615554868,106.4990011202957,487.0750624046136,471.523661382842,,
v15-exp-1012-sd15-loha16a8-b,84.78336001296748,86.1684700222869,97.3595173252761,92.73642575650832,357.65909921010416,349.008211231092,,
v15-exp-1021-sd15-lokrf8d8a4-c-000030,106.92513903145118,99.48145416459528,121.00809852956706,107.44495193412644,522.2088494140617,510.6918978527952,,
v15-exp-1012-sd15-loha16a8-c-000030,80.92720162596765,83.57230151031854,94.29337449508672,90.217862872738,340.015838817626,330.7580941467222,,
v15-exp-1001-sd15-lora8a4-c,88.10677566572849,87.96597860677207,99.76809727145088,93.42857728022108,363.3887349174852,359.3262254218798,,
v15-exp-1011-sd15-loha4a2-a,86.6097591865971,87.34751405715622,99.5681211794398,93.65207159773576,361.3147632149721,353.0114167415122,,
v15-exp-1027-sd15-lokrf8d8a4-scalar-a-000010,123.25568627041967,113.15536673841626,138.01355881845882,120.76339971416672,602.4748254237556,589.9681752054948,,
v15-exp-1028-sd15-lokrf8d8a4-Prodigy-a-000010,140.0356707089744,131.1774554429153,150.97801134020756,138.21211720527327,712.2815165304737,694.2530718743683,,
v15-exp-1016-sd15-loha4a2-scalar-a-000030,88.76488075056682,89.97182874031205,100.46764905681287,96.82198251907886,389.0043012750057,379.9380905206126,,
v15-exp-1028-sd15-lokrf8d8a4-Prodigy-b-000010,140.58999678129828,136.4851051077025,156.69757493129032,143.23456880427045,751.1636206041362,730.2009068075877,,
v15-exp-1002-sd15-lora32a16-b-000030,85.27578115954634,89.40385213131106,95.26680969652124,94.63030372062252,358.927413345109,355.16768050806377,,
v15-exp-1001-sd15-lora8a4-a,88.22069025560518,89.29089360805892,98.59125298166803,94.5477161795942,362.2641921915501,358.05472430429927,,
v15-exp-1003-sd15-lora32a1-c-000010,94.47244845206922,91.24772639717264,104.74038815113649,97.88611736644624,400.11610643343874,392.750320739327,,
v15-exp-1002-sd15-lora32a16-c,88.31786750757078,90.44546013735282,99.54416825147472,95.56111540213716,364.144554197278,362.58588011427264,,
v15-exp-1002-sd15-lora32a16-c-000030,85.81569895689927,88.02792402030536,95.21052579728143,93.42424405813011,353.0281254087372,349.1092422848865,,
v15-exp-1005-sd15-loraattnonly8a4-b-000010,105.17826631761228,100.40339108856632,112.31741122387656,106.64610432700914,481.0617916167971,473.95926625078073,,
v15-exp-1004-sd15-locon8a4-b,88.65469877548844,90.82113405480597,98.20323112971325,95.93023602405282,369.8757401590865,367.83951333776577,,
v15-exp-1016-sd15-loha4a2-scalar-c-000030,87.16598354704297,89.2764500362066,98.61447547857163,95.70723483934069,385.6020722999815,377.4922987245227,,
v15-exp-1003-sd15-lora32a1-b-000010,97.71852035392294,91.59668090495676,107.42051743782656,98.5050194607328,418.0549040722867,406.3724844736476,,
v15-exp-1027-sd15-lokrf8d8a4-scalar-c,104.760619094037,95.36664833584403,120.06955162596968,102.40025138702032,454.5075114940992,443.1099022914659,,
v15-exp-1011-sd15-loha4a2-a-000030,85.9408485002948,86.90335697307671,98.20121696171122,93.7367961227705,364.43527043540735,356.1031048162099,,
v15-exp-1021-sd15-lokrf8d8a4-c,106.09531794405656,95.644999213029,119.88259240781656,103.38786767040034,497.6497843680245,477.2110742186546,,
v15-exp-1006-sd15-lora8a4-scalar-a,85.82327657141354,87.88002585051163,97.20560429304032,94.0188856568912,363.19900999424726,354.3636322432212,,
v15-exp-1011-sd15-loha4a2-b-000010,102.61219550220642,91.7781719557828,117.49571840582814,99.03621956732088,432.2425152536093,417.777788625524,,
v15-exp-1005-sd15-loraattnonly8a4-a-000010,100.0842312388188,97.29700188614322,111.30099299016854,104.77457582466955,451.2928190049547,440.60474239491214,,
v15-exp-1006-sd15-lora8a4-scalar-b-000010,98.57538564688709,90.741806007607,110.77975604616518,98.25203627837402,424.97099790636594,412.1582461459807,,
v15-exp-1022-sd15-lokrf8dinf-b,95.98389843109112,94.9367948948285,109.17578010810372,102.58988216668968,443.068214940346,430.8120826009422,,
v15-exp-1024-sd15-lokrf12d8-a-000030,108.98846059704,100.2738281896804,125.60068941688166,109.31796375523412,513.2711071957037,495.1506998892473,,
v15-exp-1024-sd15-lokrf12d8-b-000010,122.27559576015484,116.26006437640764,137.85746887126038,124.34687646045955,609.5895615052214,595.9213222677345,,
v15-exp-1026-sd15-lokrattnonlyf8d8a4-a-000010,138.37220277897052,128.66735935175717,151.73795975396683,136.7391426678302,707.8212137011033,692.2056372958714,,
v15-exp-1014-sd15-lohacon4a2-a-000010,95.66678249624113,91.7208786542268,108.53620670861947,99.19680557506577,418.5848156916395,405.08071506858414,,
v15-exp-1006-sd15-lora8a4-scalar-a-000030,82.09206827999128,85.6666075422338,93.31785962199706,91.85581438894712,363.9579971081307,359.8513191083998,,
v15-exp-1022-sd15-lokrf8dinf-a,104.92024394153282,93.29521637069683,118.80427332103216,100.74013689505664,446.4489887763816,436.1191452025528,,
v15-exp-1021-sd15-lokrf8d8a4-a-000030,99.83147776203988,99.73567766627748,113.2879527543272,108.22560746651754,509.6688883130414,493.3464025349472,,
v15-exp-1017-sd15-loha4a2-Prodigy-a-000030,228.23552244923167,197.7554047133044,235.1973983468388,203.25973855714784,1112.5008303283726,1102.8605083233456,,
v15-exp-1002-sd15-lora32a16-a,89.59720342096784,91.59766568447606,99.97438986184557,96.41512905795672,380.0199763577075,373.45402728631416,,
v15-exp-1007-sd15-lora8a4-Prodigy-a-000030,134.6189650695502,107.34311305368452,145.9449920710324,114.30205036152682,522.0507549535596,512.4606586667724,,
v15-exp-1013-sd15-loha16a1-c-000030,80.74625504982055,82.85266173660011,92.10048602438474,89.56340434150547,344.1145524336598,335.9824924065151,,
v15-exp-1002-sd15-lora32a16-a-000030,82.82755746528187,85.99257988962859,94.95117080300224,92.44705417718568,355.1651019773535,346.032296675678,,
v15-exp-1025-sd15-lokrconf8d8a4-b-000010,120.55933692578344,109.75694777819768,131.5920723702137,117.38276549855692,548.6260672986386,536.5673346383769,,
v15-exp-1027-sd15-lokrf8d8a4-scalar-b,95.39773174102923,96.92729773144504,110.42225464898138,104.763737377297,454.3896280711469,438.4763804007025,,
v15-exp-1007-sd15-lora8a4-Prodigy-c-000010,119.79248223449645,104.93815808169444,135.09815743862464,111.55637610886782,529.9835212312278,511.578689139923,,
v15-exp-1015-sd15-lohaatnonly4a2-a-000010,106.522023704125,101.10633545119236,119.00625210997862,108.70253130827729,515.9775870786902,499.3782724776343,,
v15-exp-1012-sd15-loha16a8-c-000010,86.77534586540605,87.3036853991565,99.0264415181041,93.98311715537454,388.0980747309309,377.12195096054666,,
v15-exp-1006-sd15-lora8a4-scalar-c,82.46045973129571,88.51806850589526,95.03010626558716,94.60921595864096,352.4320428747528,344.66183262382765,,
v15-exp-1011-sd15-loha4a2-b,88.1736551934348,89.29828558193503,101.50464960403156,95.44437655161528,377.2929699028296,370.08325983401255,,
v15-exp-1011-sd15-loha4a2-a-000010,98.1869120793158,92.4941061953366,110.67691764198128,99.7763901060087,428.15875498486776,415.7087777116717,,
v15-exp-1001-sd15-lora8a4-b-000010,91.59255327697588,88.59337205402267,102.02583823621626,94.96540027683407,396.6136597886725,385.30243199660754,,
v15-exp-1025-sd15-lokrconf8d8a4-b,102.5030979180317,97.02410240502375,116.1338220807054,105.30292582645755,476.7457313335417,464.258508715769,,
v15-exp-1004-sd15-locon8a4-b-000030,82.76190827306823,87.91282089908134,92.1080728244326,92.67250006951326,350.7075523669405,349.5069015705835,,
v15-exp-1001-sd15-lora8a4-b-000030,90.22380661609554,84.99721788187071,100.14705903016352,90.98475348535504,365.16725492231126,360.4998140294915,,
v15-exp-1013-sd15-loha16a1-b,85.10962192003467,87.12383879313904,97.82262511711838,93.42070959783943,357.17182786885496,348.0467003003305,,
v15-exp-1021-sd15-lokrf8d8a4-a-000010,104.35528376803391,104.02805697547836,117.69029058480557,112.13356245202556,527.6745231176519,518.3916300719993,,
v15-exp-1016-sd15-loha4a2-scalar-b-000030,89.27695916783955,89.17537971059005,102.91425445357356,95.53368221441048,383.6354644857133,368.7576608439904,,
v15-exp-1002-sd15-lora32a16-a-000010,92.86230937117398,86.91053136764174,99.89461517733277,93.19483265456842,366.8403860746521,361.0062032868245,,
v15-exp-1017-sd15-loha4a2-Prodigy-b-000010,139.1160726081299,127.42212111144954,155.34167144069954,134.52332354633802,687.4682790445513,671.6428744282043,,
v15-exp-1027-sd15-lokrf8d8a4-scalar-b-000010,127.81939416632235,116.5411722890405,140.97380631901763,124.04060107852052,610.0039771619081,602.2114033541493,,
v15-exp-1017-sd15-loha4a2-Prodigy-c,229.7116478855748,197.68256187948947,236.49092353575327,203.2468746182484,1113.120023877826,1103.5297912662968,,
v15-exp-1024-sd15-lokrf12d8-a,100.25801170988188,95.8253577145199,116.81288087674704,104.76734691195315,486.1410053356526,473.1102630286928,,
v15-exp-1004-sd15-locon8a4-c,90.60297360554546,93.7433825088708,98.94167330556957,98.13949662973374,387.9389432396929,382.9175561018051,,
v15-exp-1003-sd15-lora32a1-a-000010,99.64474617157134,92.98622765979462,111.23766473391709,99.75262002395397,419.35568865565983,406.2131050746002,,
v15-exp-1005-sd15-loraattnonly8a4-a-000030,93.5342012595238,90.18839547293396,104.10403350746924,95.95776191388649,399.6749302297712,389.0438964176183,,
v15-exp-1003-sd15-lora32a1-a,85.00808443415212,87.2985452774576,94.32992552958876,92.73503583710392,364.2885319061442,362.78501622857857,,
v15-exp-1028-sd15-lokrf8d8a4-Prodigy-a-000030,168.84793407194127,153.41906128944674,182.2666972807615,160.25645709789347,850.7022927540406,825.7403879851436,,
v15-exp-1023-sd15-lokrfm1d8-a-000010,134.62489446905602,125.04195686133396,147.67156105771676,132.89658518195154,688.6831078929513,672.6825339656243,,
v15-exp-1013-sd15-loha16a1-c-000010,87.15827497588657,87.99466660796475,100.88208446154545,94.70891701304254,389.4302437098781,377.3739968848549,,
v15-exp-1023-sd15-lokrfm1d8-a-000030,112.08475940605284,109.34941967609194,127.65565553888985,117.64870564423376,609.07139813616,589.6500819023731,,
v15-exp-1014-sd15-lohacon4a2-c-000010,91.998987447084,90.57171208170826,107.71323496345929,97.91877921812136,421.9702657325133,405.2687505293243,,
v15-exp-1025-sd15-lokrconf8d8a4-a,101.5967656401125,98.98635116442053,116.55195182959515,107.1051521998658,467.8200098459356,456.61362851939657,,
v15-exp-1005-sd15-loraattnonly8a4-b-000030,91.77937111935034,90.77408788675996,104.7545908059608,96.457192955413,405.2574090690764,395.1360232115353,,
v15-exp-1014-sd15-lohacon4a2-c-000030,82.95447984477028,86.95368727458992,98.1273324873357,93.62088324773764,359.9974586361118,347.27981709412825,,
v15-exp-1024-sd15-lokrf12d8-b-000030,108.49051739052447,104.50951088467002,124.24278834941184,112.80890270102792,539.513324735371,519.2586750914629,,
v15-exp-1017-sd15-loha4a2-Prodigy-b,229.7116478855748,197.68256561945915,236.49092353575327,203.246874431086,1113.120023877826,1103.5297912662968,,
v15-exp-1004-sd15-locon8a4-b-000010,93.27089238453436,93.16907379232782,104.61883963501168,98.89712583561744,413.3380615522197,403.2365987465601,,
v15-exp-1024-sd15-lokrf12d8-a-000010,123.03580487201714,113.01048708848856,137.16560152194097,120.37497795813069,591.7612559790969,580.7795350971696,,
v15-exp-1013-sd15-loha16a1-b-000030,83.70261741407035,84.3803176250558,97.6433844315161,90.58745769184476,346.13333348786955,334.15189016588283,,
v15-exp-1004-sd15-locon8a4-a,91.76187322846658,92.65824723149468,100.16737700884846,97.56050363882832,377.0038772080202,374.6484952460555,,
v15-exp-1001-sd15-lora8a4-c-000010,97.3029825203448,90.602991471549,106.2306559669712,96.70334181765054,404.9300961428621,399.21438807589584,,
v15-exp-1024-sd15-lokrf12d8-b,116.3190795833218,108.45879390524158,130.77693503975718,117.47506054730786,570.6170003413085,546.0261548909621,,
v15-exp-1052-sd15-loha4a2-lr5e-3-a-000010,96.29077679097702,96.05080987234601,109.66123775781875,101.16386284800927,436.4633713447206,421.737023677309,,
v15-exp-1057-sd15-lokrf4dinf-lr5e-3-c-000010,178.35773980367003,135.11661264836926,195.7684992858475,142.322526039018,798.4870412305145,771.9021845962889,,
v15-exp-1053-sd15-lokrf8dinf-lr1e-3-a-000030,107.5164545192315,102.23342701400514,123.2126425718152,109.67219557511623,509.8063940972288,496.928057640956,,
v15-exp-1052-sd15-loha4a2-lr5e-3-c,100.92573093380065,94.7640207730002,116.14083289628581,101.71819845085253,458.23112326556065,444.8096616582393,,
v15-exp-1053-sd15-lokrf8dinf-lr1e-3-b-000030,101.54910010869673,96.49250086965964,119.26228456341914,105.09426195310988,470.2153515608725,449.85147588094196,,
v15-exp-1052-sd15-loha4a2-lr5e-3-a-000030,96.88756588057231,91.5620092749433,112.18795606707431,97.65833892456897,408.61597565162356,398.9237367657488,,
v15-exp-1057-sd15-lokrf4dinf-lr5e-3-b-000030,168.43985451236767,136.98773502499705,183.23589033035876,143.49298162240171,757.8656441685816,745.3847915747542,,
v15-exp-1054-sd15-lokrf8dinf-lr5e-3-a,158.5089079424322,135.85477414022557,173.56432917233894,142.98193645204515,749.7689008766479,731.9242942636401,,
v15-exp-1051-sd15-loha4a2-lr1e-3-a-000010,91.47414045621758,91.97141262399316,106.18183672488635,98.85460402231251,412.92002537888675,396.4752461481521,,
v15-exp-1051-sd15-loha4a2-lr1e-3-b,85.69449701353551,89.27204201989503,98.30911822818643,95.59489680628229,373.12014440590065,365.77106610397095,,
v15-exp-1054-sd15-lokrf8dinf-lr5e-3-b-000010,175.73775603737022,139.0808243644475,196.41636286370533,145.65487351943,798.3679029899599,772.2606277812297,,
v15-exp-1056-sd15-lokrf4dinf-lr1e-3-a,111.08714542343012,104.83216417839628,123.43853501828733,111.40798782260833,510.9400384980613,503.848188776577,,
v15-exp-1056-sd15-lokrf4dinf-lr1e-3-c,105.26748378290904,100.22424857471555,120.57793754603404,106.87241860143718,480.929188702572,461.83870458749516,,
v15-exp-1053-sd15-lokrf8dinf-lr1e-3-c,117.36620439128626,103.94083419454108,131.9417138713892,111.4869135950247,537.3247141467177,523.8264592723517,,
v15-exp-1056-sd15-lokrf4dinf-lr1e-3-a-000030,112.1793502331833,97.51013087012655,126.37329899198255,104.8428221109478,493.8490272281597,482.05808277633923,,
v15-exp-1051-sd15-loha4a2-lr1e-3-b-000010,95.8670515275395,93.39865207695289,109.38891124001168,100.54470595565203,425.7125906909405,410.8446740620402,,
v15-exp-1055-sd15-lokrf4dinf-c-000010,97.4945744910085,94.28716314816955,114.19435624005075,101.11704084380693,449.46376683755625,428.41859962934313,,
v15-exp-1054-sd15-lokrf8dinf-lr5e-3-c-000030,147.68654206165763,140.6053540406877,157.59487109577435,147.09165215256547,760.5812365487918,744.3369649110323,,
v15-exp-1053-sd15-lokrf8dinf-lr1e-3-b-000010,116.4870427127886,103.97460911078952,129.15872526475584,110.50547958346124,543.0189928617269,531.0613545541332,,
v15-exp-1055-sd15-lokrf4dinf-b,91.37468996555663,94.14970362566567,105.252562473632,100.21192169792948,425.0877533815192,415.77020576458153,,
v15-exp-1053-sd15-lokrf8dinf-lr1e-3-c-000010,116.31029851784479,105.29781193383764,128.95412482512756,112.25433984457698,550.0644311325927,536.7282964257633,,
v15-exp-1055-sd15-lokrf4dinf-a,103.57276616939771,95.75434517286772,118.52909881717187,103.10801218244086,430.68505685780747,420.94329539562113,,
v15-exp-1056-sd15-lokrf4dinf-lr1e-3-c-000010,110.11779504142044,100.32193564577767,128.86808334055218,106.95371555138945,498.9939731431614,473.7236551928586,,
v15-exp-1057-sd15-lokrf4dinf-lr5e-3-c,142.51810121580468,138.42664318722484,156.3391022650427,145.12074461502613,753.7897764367026,742.6739338490584,,
v15-exp-1051-sd15-loha4a2-lr1e-3-c,90.24915650259345,91.62024952962008,106.38725068436861,97.87213253450312,402.99681279911556,392.6505404051054,,
v15-exp-1053-sd15-lokrf8dinf-lr1e-3-c-000030,108.46641717999591,103.46410394285999,122.43964316909955,110.68966924115381,516.5983092593428,500.8722542437795,,
v15-exp-1055-sd15-lokrf4dinf-c,96.6333393356349,90.98576103514222,110.98489047985163,97.72659927742717,422.25891612944815,400.5451783883914,,
v15-exp-1055-sd15-lokrf4dinf-b-000010,104.36638478081613,93.68866564819962,118.1514101024361,100.45318065469269,456.9111181216258,441.4457110590506,,
v15-exp-1051-sd15-loha4a2-lr1e-3-c-000030,94.16815361637487,88.95837629331152,106.85904860079631,95.70270423269454,387.0870789127057,371.7771740412618,,
v15-exp-1056-sd15-lokrf4dinf-lr1e-3-b,108.76978368257699,101.61425398170832,118.6865803851232,108.0865752271489,507.1658207688938,503.7277894527592,,
v15-exp-1051-sd15-loha4a2-lr1e-3-a,88.91392442760775,89.23721047848016,101.95372673238239,96.12057294639288,381.5557381397748,372.3030908132491,,
v15-exp-1057-sd15-lokrf4dinf-lr5e-3-a-000010,145.62646172596692,128.09011125858086,162.85288253186616,135.93676306250705,725.050153485909,710.8946881166271,,
v15-exp-1055-sd15-lokrf4dinf-c-000030,93.09766944725402,96.36822284705858,108.84436587004552,103.85979165677469,461.049298394184,439.2544992256521,,
v15-exp-1054-sd15-lokrf8dinf-lr5e-3-a-000030,161.18648034455373,152.89169230798365,173.15908063582754,158.76554777616144,769.8704848760644,762.7708297864397,,
v15-exp-1052-sd15-loha4a2-lr5e-3-b-000030,97.84768439377308,90.30942699679258,109.12247291140397,96.1270047267692,409.4883638003944,395.67739883439936,,
v15-exp-1054-sd15-lokrf8dinf-lr5e-3-c-000010,169.862443525902,151.0493654142764,188.86208347511092,158.08228169477763,859.6766903440657,838.0268879980263,,
v15-exp-1056-sd15-lokrf4dinf-lr1e-3-c-000030,109.8655702403928,107.56591760477374,125.44515888417175,115.0872926768273,534.9401694073072,520.7803526582384,,
v15-exp-1057-sd15-lokrf4dinf-lr5e-3-b-000010,144.97879153081385,135.27444241510915,155.66611760257115,141.63305208673938,711.7198061454078,699.334381557333,,
v15-exp-1051-sd15-loha4a2-lr1e-3-b-000030,89.48362793563683,87.01815010748044,103.39076783613154,93.07686598534985,372.44682512542477,363.82979763602634,,
v15-exp-1054-sd15-lokrf8dinf-lr5e-3-b,166.10688067837282,139.26416090791332,178.48564940509493,145.89642622170754,795.623653922105,783.2218810671734,,
v15-exp-1056-sd15-lokrf4dinf-lr1e-3-b-000030,110.31353201920592,102.57776510320906,125.27223413243246,108.86444191098735,510.14829204002444,492.9074068005684,,
v15-exp-1051-sd15-loha4a2-lr1e-3-c-000010,95.8776513398409,90.59140732631033,108.4546392155346,97.53407121106369,409.0296020273586,396.31724788564,,
v15-exp-1055-sd15-lokrf4dinf-a-000030,94.10522164852182,93.01959003106697,108.14327746737763,100.25858475890436,421.4134888810936,413.4988632507375,,
v15-exp-1051-sd15-loha4a2-lr1e-3-a-000030,89.24571276502638,87.43373125084202,103.28873857326471,93.92264658239964,372.6274557885299,365.1116974258234,,
v15-exp-1056-sd15-lokrf4dinf-lr1e-3-b-000010,115.55406128629477,97.26189497187261,126.13519457101074,103.763668106453,507.2426127141698,495.40610130541063,,
v15-exp-1052-sd15-loha4a2-lr5e-3-a,97.29550932619463,91.17501034232873,110.11149584745874,98.71523862607893,434.00565346988424,420.1629376717642,,
v15-exp-1052-sd15-loha4a2-lr5e-3-c-000010,107.1415470310319,92.68313366574216,119.92566451867003,99.69284491584159,447.75125816298623,434.84197114244034,,
v15-exp-1057-sd15-lokrf4dinf-lr5e-3-a-000030,139.107078942076,126.10554096737792,156.8484722004448,134.8336834518081,692.2685721500334,672.4057200235798,,
v15-exp-1052-sd15-loha4a2-lr5e-3-b,93.52699640350033,93.07210720726141,104.8262368395765,99.10459337738223,414.19001051434316,403.77710512878457,,
v15-exp-1054-sd15-lokrf8dinf-lr5e-3-a-000010,143.40055415060385,134.42651698555414,156.45208499735304,141.88967381796158,723.3918813993405,705.0402708120778,,
v15-exp-1057-sd15-lokrf4dinf-lr5e-3-b,153.69219393333708,137.33147140055002,160.25065515855044,142.67030061012105,738.8601173498114,729.5116272462383,,
v15-exp-1054-sd15-lokrf8dinf-lr5e-3-b-000030,153.21016611445407,139.8413663654752,169.10039582677223,147.1642693292676,744.3039446483249,727.2334405734687,,
v15-exp-1053-sd15-lokrf8dinf-lr1e-3-b,115.83960824198653,100.40999780093432,127.44253113425191,107.89963961247781,498.51990655716236,485.76830510781565,,
v15-exp-1054-sd15-lokrf8dinf-lr5e-3-c,170.01542820969064,137.4149253214826,184.80110895924224,143.95724361617823,754.6173349813885,739.2913922631064,,
v15-exp-1055-sd15-lokrf4dinf-b-000030,88.93007226811415,90.01078379828618,101.4664354965164,96.62207628497526,420.6370991516719,405.83701108869536,,
v15-exp-1053-sd15-lokrf8dinf-lr1e-3-a-000010,108.79430086068749,103.8881449801342,122.81579251837024,112.06450888158435,539.8983351949878,517.0696171769923,,
v15-exp-1055-sd15-lokrf4dinf-a-000010,102.95820561055302,96.7189716472966,115.05060364772316,104.14221068302766,454.2825287417595,436.5181547017992,,
v15-exp-1056-sd15-lokrf4dinf-lr1e-3-a-000010,114.60958507147438,107.12939656777712,129.29974555877845,114.99030204094112,518.2725528119727,497.8358779593659,,
v15-exp-1057-sd15-lokrf4dinf-lr5e-3-c-000030,177.32498100432178,148.64370646348902,193.84048436806904,156.42110821606127,851.1367340544134,829.2517593218486,,
v15-exp-1052-sd15-loha4a2-lr5e-3-b-000010,99.83604440516001,97.14836896407661,113.0907760856802,104.11708843267269,447.069229923643,433.48640573689954,,
v15-exp-1052-sd15-loha4a2-lr5e-3-c-000030,108.5470385869753,93.31684873738322,121.01640305347132,100.14286555080952,429.00614568704304,415.0172428719575,,
v15-exp-1057-sd15-lokrf4dinf-lr5e-3-a,155.9097130826467,145.44650860290005,169.46453586259872,152.41260107598447,806.5060746437525,793.72220444706,,
v15-exp-1053-sd15-lokrf8dinf-lr1e-3-a,116.10327906569023,100.95190609858997,128.95282279087178,108.27712409158954,505.9001347323888,491.7881495335482,,
